player,team,lg,season,replaced,hof
Bam Adebayo,Team Giannis,NBA,2020,FALSE,FALSE
Giannis Antetokounmpo,Team Giannis,NBA,2020,FALSE,FALSE
Jimmy Butler,Team Giannis,NBA,2020,FALSE,FALSE
Joel Embiid,Team Giannis,NBA,2020,FALSE,FALSE
Rudy Gobert,Team Giannis,NBA,2020,FALSE,FALSE
Brandon Ingram,Team Giannis,NBA,2020,FALSE,FALSE
Kyle Lowry,Team Giannis,NBA,2020,FALSE,FALSE
Khris Middleton,Team Giannis,NBA,2020,FALSE,FALSE
Donovan Mitchell,Team Giannis,NBA,2020,FALSE,FALSE
Pascal Siakam,Team Giannis,NBA,2020,FALSE,FALSE
Kemba Walker,Team Giannis,NBA,2020,FALSE,FALSE
Trae Young,Team Giannis,NBA,2020,FALSE,FALSE
Devin Booker,Team LeBron,NBA,2020,FALSE,FALSE
Anthony Davis,Team LeBron,NBA,2020,FALSE,FALSE
Luka Dončić,Team LeBron,NBA,2020,FALSE,FALSE
James Harden,Team LeBron,NBA,2020,FALSE,FALSE
LeBron James,Team LeBron,NBA,2020,FALSE,FALSE
Nikola Jokić,Team LeBron,NBA,2020,FALSE,FALSE
Kawhi Leonard,Team LeBron,NBA,2020,FALSE,FALSE
Damian Lillard,Team LeBron,NBA,2020,FALSE,FALSE
Chris Paul,Team LeBron,NBA,2020,FALSE,FALSE
Domantas Sabonis,Team LeBron,NBA,2020,FALSE,FALSE
Ben Simmons,Team LeBron,NBA,2020,FALSE,FALSE
Jayson Tatum,Team LeBron,NBA,2020,FALSE,FALSE
Russell Westbrook,Team LeBron,NBA,2020,FALSE,FALSE
Giannis Antetokounmpo,Team Giannis,NBA,2019,FALSE,FALSE
Stephen Curry,Team Giannis,NBA,2019,FALSE,FALSE
Joel Embiid,Team Giannis,NBA,2019,FALSE,FALSE
Paul George,Team Giannis,NBA,2019,FALSE,FALSE
Blake Griffin,Team Giannis,NBA,2019,FALSE,FALSE
Nikola Jokić,Team Giannis,NBA,2019,FALSE,FALSE
Kyle Lowry,Team Giannis,NBA,2019,FALSE,FALSE
Khris Middleton,Team Giannis,NBA,2019,FALSE,FALSE
Dirk Nowitzki,Team Giannis,NBA,2019,FALSE,FALSE
Victor Oladipo,Team Giannis,NBA,2019,TRUE,FALSE
D'Angelo Russell,Team Giannis,NBA,2019,FALSE,FALSE
Nikola Vučević,Team Giannis,NBA,2019,FALSE,FALSE
Kemba Walker,Team Giannis,NBA,2019,FALSE,FALSE
Russell Westbrook,Team Giannis,NBA,2019,FALSE,FALSE
LaMarcus Aldridge,Team LeBron,NBA,2019,FALSE,FALSE
Bradley Beal,Team LeBron,NBA,2019,FALSE,FALSE
Anthony Davis,Team LeBron,NBA,2019,FALSE,FALSE
Kevin Durant,Team LeBron,NBA,2019,FALSE,FALSE
James Harden,Team LeBron,NBA,2019,FALSE,FALSE
Kyrie Irving,Team LeBron,NBA,2019,FALSE,FALSE
LeBron James,Team LeBron,NBA,2019,FALSE,FALSE
Kawhi Leonard,Team LeBron,NBA,2019,FALSE,FALSE
Damian Lillard,Team LeBron,NBA,2019,FALSE,FALSE
Ben Simmons,Team LeBron,NBA,2019,FALSE,FALSE
Klay Thompson,Team LeBron,NBA,2019,FALSE,FALSE
Karl-Anthony Towns,Team LeBron,NBA,2019,FALSE,FALSE
Dwyane Wade,Team LeBron,NBA,2019,FALSE,FALSE
LaMarcus Aldridge,Team LeBron,NBA,2018,FALSE,FALSE
Bradley Beal,Team LeBron,NBA,2018,FALSE,FALSE
DeMarcus Cousins,Team LeBron,NBA,2018,TRUE,FALSE
Anthony Davis,Team LeBron,NBA,2018,FALSE,FALSE
Goran Dragić,Team LeBron,NBA,2018,FALSE,FALSE
Andre Drummond,Team LeBron,NBA,2018,FALSE,FALSE
Kevin Durant,Team LeBron,NBA,2018,FALSE,FALSE
Paul George,Team LeBron,NBA,2018,FALSE,FALSE
Kyrie Irving,Team LeBron,NBA,2018,FALSE,FALSE
LeBron James,Team LeBron,NBA,2018,FALSE,FALSE
Kevin Love,Team LeBron,NBA,2018,TRUE,FALSE
Victor Oladipo,Team LeBron,NBA,2018,FALSE,FALSE
Kristaps Porziņģis,Team LeBron,NBA,2018,TRUE,FALSE
Kemba Walker,Team LeBron,NBA,2018,FALSE,FALSE
John Wall,Team LeBron,NBA,2018,TRUE,FALSE
Russell Westbrook,Team LeBron,NBA,2018,FALSE,FALSE
Giannis Antetokounmpo,Team Stephen,NBA,2018,FALSE,FALSE
Jimmy Butler,Team Stephen,NBA,2018,TRUE,FALSE
Stephen Curry,Team Stephen,NBA,2018,FALSE,FALSE
DeMar DeRozan,Team Stephen,NBA,2018,FALSE,FALSE
Joel Embiid,Team Stephen,NBA,2018,FALSE,FALSE
Draymond Green,Team Stephen,NBA,2018,FALSE,FALSE
James Harden,Team Stephen,NBA,2018,FALSE,FALSE
Al Horford,Team Stephen,NBA,2018,FALSE,FALSE
Damian Lillard,Team Stephen,NBA,2018,FALSE,FALSE
Kyle Lowry,Team Stephen,NBA,2018,FALSE,FALSE
Klay Thompson,Team Stephen,NBA,2018,FALSE,FALSE
Karl-Anthony Towns,Team Stephen,NBA,2018,FALSE,FALSE
Giannis Antetokounmpo,East,NBA,2017,FALSE,FALSE
Carmelo Anthony,East,NBA,2017,FALSE,FALSE
Jimmy Butler,East,NBA,2017,FALSE,FALSE
DeMar DeRozan,East,NBA,2017,FALSE,FALSE
Paul George,East,NBA,2017,FALSE,FALSE
Kyrie Irving,East,NBA,2017,FALSE,FALSE
LeBron James,East,NBA,2017,FALSE,FALSE
Kevin Love,East,NBA,2017,TRUE,FALSE
Kyle Lowry,East,NBA,2017,FALSE,FALSE
Paul Millsap,East,NBA,2017,FALSE,FALSE
Isaiah Thomas,East,NBA,2017,FALSE,FALSE
Kemba Walker,East,NBA,2017,FALSE,FALSE
John Wall,East,NBA,2017,FALSE,FALSE
DeMarcus Cousins,West,NBA,2017,FALSE,FALSE
Stephen Curry,West,NBA,2017,FALSE,FALSE
Anthony Davis,West,NBA,2017,FALSE,FALSE
Kevin Durant,West,NBA,2017,FALSE,FALSE
Marc Gasol,West,NBA,2017,FALSE,FALSE
Draymond Green,West,NBA,2017,FALSE,FALSE
James Harden,West,NBA,2017,FALSE,FALSE
Gordon Hayward,West,NBA,2017,FALSE,FALSE
DeAndre Jordan,West,NBA,2017,FALSE,FALSE
Kawhi Leonard,West,NBA,2017,FALSE,FALSE
Klay Thompson,West,NBA,2017,FALSE,FALSE
Russell Westbrook,West,NBA,2017,FALSE,FALSE
Carmelo Anthony,East,NBA,2016,FALSE,FALSE
Chris Bosh,East,NBA,2016,TRUE,TRUE
Jimmy Butler,East,NBA,2016,TRUE,FALSE
DeMar DeRozan,East,NBA,2016,FALSE,FALSE
Andre Drummond,East,NBA,2016,FALSE,FALSE
Pau Gasol,East,NBA,2016,FALSE,FALSE
Paul George,East,NBA,2016,FALSE,FALSE
Al Horford,East,NBA,2016,FALSE,FALSE
LeBron James,East,NBA,2016,FALSE,FALSE
Kyle Lowry,East,NBA,2016,FALSE,FALSE
Paul Millsap,East,NBA,2016,FALSE,FALSE
Isaiah Thomas,East,NBA,2016,FALSE,FALSE
Dwyane Wade,East,NBA,2016,FALSE,FALSE
John Wall,East,NBA,2016,FALSE,FALSE
LaMarcus Aldridge,West,NBA,2016,FALSE,FALSE
Kobe Bryant,West,NBA,2016,FALSE,TRUE
DeMarcus Cousins,West,NBA,2016,FALSE,FALSE
Stephen Curry,West,NBA,2016,FALSE,FALSE
Anthony Davis,West,NBA,2016,FALSE,FALSE
Kevin Durant,West,NBA,2016,FALSE,FALSE
Draymond Green,West,NBA,2016,FALSE,FALSE
James Harden,West,NBA,2016,FALSE,FALSE
Kawhi Leonard,West,NBA,2016,FALSE,FALSE
Chris Paul,West,NBA,2016,FALSE,FALSE
Klay Thompson,West,NBA,2016,FALSE,FALSE
Russell Westbrook,West,NBA,2016,FALSE,FALSE
Carmelo Anthony,East,NBA,2015,FALSE,FALSE
Chris Bosh,East,NBA,2015,FALSE,TRUE
Jimmy Butler,East,NBA,2015,FALSE,FALSE
Pau Gasol,East,NBA,2015,FALSE,FALSE
Al Horford,East,NBA,2015,FALSE,FALSE
Kyrie Irving,East,NBA,2015,FALSE,FALSE
LeBron James,East,NBA,2015,FALSE,FALSE
Kyle Korver,East,NBA,2015,FALSE,FALSE
Kyle Lowry,East,NBA,2015,FALSE,FALSE
Paul Millsap,East,NBA,2015,FALSE,FALSE
Jeff Teague,East,NBA,2015,FALSE,FALSE
Dwyane Wade,East,NBA,2015,FALSE,FALSE
John Wall,East,NBA,2015,FALSE,FALSE
LaMarcus Aldridge,West,NBA,2015,FALSE,FALSE
Kobe Bryant,West,NBA,2015,FALSE,TRUE
DeMarcus Cousins,West,NBA,2015,FALSE,FALSE
Stephen Curry,West,NBA,2015,FALSE,FALSE
Anthony Davis,West,NBA,2015,FALSE,FALSE
Tim Duncan,West,NBA,2015,FALSE,TRUE
Kevin Durant,West,NBA,2015,FALSE,FALSE
Marc Gasol,West,NBA,2015,FALSE,FALSE
Blake Griffin,West,NBA,2015,FALSE,FALSE
James Harden,West,NBA,2015,FALSE,FALSE
Damian Lillard,West,NBA,2015,FALSE,FALSE
Dirk Nowitzki,West,NBA,2015,FALSE,FALSE
Chris Paul,West,NBA,2015,FALSE,FALSE
Klay Thompson,West,NBA,2015,FALSE,FALSE
Russell Westbrook,West,NBA,2015,FALSE,FALSE
Carmelo Anthony,East,NBA,2014,FALSE,FALSE
Chris Bosh,East,NBA,2014,FALSE,TRUE
DeMar DeRozan,East,NBA,2014,FALSE,FALSE
Paul George,East,NBA,2014,FALSE,FALSE
Roy Hibbert,East,NBA,2014,FALSE,FALSE
Kyrie Irving,East,NBA,2014,FALSE,FALSE
LeBron James,East,NBA,2014,FALSE,FALSE
Joe Johnson,East,NBA,2014,FALSE,FALSE
Paul Millsap,East,NBA,2014,FALSE,FALSE
Joakim Noah,East,NBA,2014,FALSE,FALSE
Dwyane Wade,East,NBA,2014,FALSE,FALSE
John Wall,East,NBA,2014,FALSE,FALSE
LaMarcus Aldridge,West,NBA,2014,FALSE,FALSE
Kobe Bryant,West,NBA,2014,TRUE,TRUE
Stephen Curry,West,NBA,2014,FALSE,FALSE
Anthony Davis,West,NBA,2014,FALSE,FALSE
Kevin Durant,West,NBA,2014,FALSE,FALSE
Blake Griffin,West,NBA,2014,FALSE,FALSE
James Harden,West,NBA,2014,FALSE,FALSE
Dwight Howard,West,NBA,2014,FALSE,FALSE
Damian Lillard,West,NBA,2014,FALSE,FALSE
Kevin Love,West,NBA,2014,FALSE,FALSE
Dirk Nowitzki,West,NBA,2014,FALSE,FALSE
Tony Parker,West,NBA,2014,FALSE,FALSE
Chris Paul,West,NBA,2014,FALSE,FALSE
Carmelo Anthony,East,NBA,2013,FALSE,FALSE
Chris Bosh,East,NBA,2013,FALSE,TRUE
Tyson Chandler,East,NBA,2013,FALSE,FALSE
Luol Deng,East,NBA,2013,FALSE,FALSE
Kevin Garnett,East,NBA,2013,FALSE,TRUE
Paul George,East,NBA,2013,FALSE,FALSE
Jrue Holiday,East,NBA,2013,FALSE,FALSE
Kyrie Irving,East,NBA,2013,FALSE,FALSE
LeBron James,East,NBA,2013,FALSE,FALSE
Brook Lopez,East,NBA,2013,FALSE,FALSE
Joakim Noah,East,NBA,2013,FALSE,FALSE
Rajon Rondo,East,NBA,2013,TRUE,FALSE
Dwyane Wade,East,NBA,2013,FALSE,FALSE
LaMarcus Aldridge,West,NBA,2013,FALSE,FALSE
Kobe Bryant,West,NBA,2013,FALSE,TRUE
Tim Duncan,West,NBA,2013,FALSE,TRUE
Kevin Durant,West,NBA,2013,FALSE,FALSE
Blake Griffin,West,NBA,2013,FALSE,FALSE
James Harden,West,NBA,2013,FALSE,FALSE
Dwight Howard,West,NBA,2013,FALSE,FALSE
David Lee,West,NBA,2013,FALSE,FALSE
Tony Parker,West,NBA,2013,FALSE,FALSE
Chris Paul,West,NBA,2013,FALSE,FALSE
Zach Randolph,West,NBA,2013,FALSE,FALSE
Russell Westbrook,West,NBA,2013,FALSE,FALSE
Carmelo Anthony,East,NBA,2012,FALSE,FALSE
Chris Bosh,East,NBA,2012,FALSE,TRUE
Luol Deng,East,NBA,2012,FALSE,FALSE
Roy Hibbert,East,NBA,2012,FALSE,FALSE
Dwight Howard,East,NBA,2012,FALSE,FALSE
Andre Iguodala,East,NBA,2012,FALSE,FALSE
LeBron James,East,NBA,2012,FALSE,FALSE
Joe Johnson,East,NBA,2012,TRUE,FALSE
Paul Pierce,East,NBA,2012,FALSE,TRUE
Rajon Rondo,East,NBA,2012,FALSE,FALSE
Derrick Rose,East,NBA,2012,FALSE,FALSE
Dwyane Wade,East,NBA,2012,FALSE,FALSE
Deron Williams,East,NBA,2012,FALSE,FALSE
LaMarcus Aldridge,West,NBA,2012,FALSE,FALSE
Kobe Bryant,West,NBA,2012,FALSE,TRUE
Andrew Bynum,West,NBA,2012,FALSE,FALSE
Kevin Durant,West,NBA,2012,FALSE,FALSE
Marc Gasol,West,NBA,2012,FALSE,FALSE
Blake Griffin,West,NBA,2012,FALSE,FALSE
Kevin Love,West,NBA,2012,FALSE,FALSE
Steve Nash,West,NBA,2012,FALSE,TRUE
Dirk Nowitzki,West,NBA,2012,FALSE,FALSE
Tony Parker,West,NBA,2012,FALSE,FALSE
Chris Paul,West,NBA,2012,FALSE,FALSE
Russell Westbrook,West,NBA,2012,FALSE,FALSE
Ray Allen,East,NBA,2011,FALSE,TRUE
Chris Bosh,East,NBA,2011,FALSE,TRUE
Kevin Garnett,East,NBA,2011,FALSE,TRUE
Al Horford,East,NBA,2011,FALSE,FALSE
Dwight Howard,East,NBA,2011,FALSE,FALSE
LeBron James,East,NBA,2011,FALSE,FALSE
Joe Johnson,East,NBA,2011,FALSE,FALSE
Paul Pierce,East,NBA,2011,FALSE,TRUE
Rajon Rondo,East,NBA,2011,FALSE,FALSE
Derrick Rose,East,NBA,2011,FALSE,FALSE
Amar'e Stoudemire,East,NBA,2011,FALSE,FALSE
Dwyane Wade,East,NBA,2011,FALSE,FALSE
Carmelo Anthony,West,NBA,2011,FALSE,FALSE
Kobe Bryant,West,NBA,2011,FALSE,TRUE
Tim Duncan,West,NBA,2011,FALSE,TRUE
Kevin Durant,West,NBA,2011,FALSE,FALSE
Pau Gasol,West,NBA,2011,FALSE,FALSE
Manu Ginóbili,West,NBA,2011,FALSE,FALSE
Blake Griffin,West,NBA,2011,FALSE,FALSE
Kevin Love,West,NBA,2011,FALSE,FALSE
Yao Ming,West,NBA,2011,TRUE,TRUE
Dirk Nowitzki,West,NBA,2011,FALSE,FALSE
Chris Paul,West,NBA,2011,FALSE,FALSE
Russell Westbrook,West,NBA,2011,FALSE,FALSE
Deron Williams,West,NBA,2011,FALSE,FALSE
Chris Bosh,East,NBA,2010,FALSE,TRUE
Kevin Garnett,East,NBA,2010,FALSE,TRUE
Al Horford,East,NBA,2010,FALSE,FALSE
Dwight Howard,East,NBA,2010,FALSE,FALSE
Allen Iverson,East,NBA,2010,TRUE,TRUE
LeBron James,East,NBA,2010,FALSE,FALSE
Joe Johnson,East,NBA,2010,FALSE,FALSE
David Lee,East,NBA,2010,FALSE,FALSE
Paul Pierce,East,NBA,2010,FALSE,TRUE
Rajon Rondo,East,NBA,2010,FALSE,FALSE
Derrick Rose,East,NBA,2010,FALSE,FALSE
Dwyane Wade,East,NBA,2010,FALSE,FALSE
Gerald Wallace,East,NBA,2010,FALSE,FALSE
Carmelo Anthony,West,NBA,2010,FALSE,FALSE
Chauncey Billups,West,NBA,2010,FALSE,FALSE
Kobe Bryant,West,NBA,2010,TRUE,TRUE
Tim Duncan,West,NBA,2010,FALSE,TRUE
Kevin Durant,West,NBA,2010,FALSE,FALSE
Pau Gasol,West,NBA,2010,FALSE,FALSE
Chris Kaman,West,NBA,2010,FALSE,FALSE
Jason Kidd,West,NBA,2010,FALSE,TRUE
Steve Nash,West,NBA,2010,FALSE,TRUE
Dirk Nowitzki,West,NBA,2010,FALSE,FALSE
Chris Paul,West,NBA,2010,TRUE,FALSE
Zach Randolph,West,NBA,2010,FALSE,FALSE
Brandon Roy,West,NBA,2010,TRUE,FALSE
Amar'e Stoudemire,West,NBA,2010,FALSE,FALSE
Deron Williams,West,NBA,2010,FALSE,FALSE
Ray Allen,East,NBA,2009,FALSE,TRUE
Chris Bosh,East,NBA,2009,TRUE,TRUE
Kevin Garnett,East,NBA,2009,FALSE,TRUE
Danny Granger,East,NBA,2009,FALSE,FALSE
Devin Harris,East,NBA,2009,FALSE,FALSE
Dwight Howard,East,NBA,2009,FALSE,FALSE
Allen Iverson,East,NBA,2009,FALSE,TRUE
LeBron James,East,NBA,2009,FALSE,FALSE
Joe Johnson,East,NBA,2009,FALSE,FALSE
Rashard Lewis,East,NBA,2009,FALSE,FALSE
Jameer Nelson,East,NBA,2009,TRUE,FALSE
Paul Pierce,East,NBA,2009,FALSE,TRUE
Dwyane Wade,East,NBA,2009,FALSE,FALSE
Mo Williams,East,NBA,2009,FALSE,FALSE
Chauncey Billups,West,NBA,2009,FALSE,FALSE
Kobe Bryant,West,NBA,2009,FALSE,TRUE
Tim Duncan,West,NBA,2009,FALSE,TRUE
Pau Gasol,West,NBA,2009,FALSE,FALSE
Yao Ming,West,NBA,2009,FALSE,TRUE
Dirk Nowitzki,West,NBA,2009,FALSE,FALSE
Shaquille O'Neal,West,NBA,2009,FALSE,TRUE
Tony Parker,West,NBA,2009,FALSE,FALSE
Chris Paul,West,NBA,2009,FALSE,FALSE
Brandon Roy,West,NBA,2009,FALSE,FALSE
Amar'e Stoudemire,West,NBA,2009,FALSE,FALSE
David West,West,NBA,2009,FALSE,FALSE
Ray Allen,East,NBA,2008,FALSE,TRUE
Chauncey Billups,East,NBA,2008,FALSE,FALSE
Chris Bosh,East,NBA,2008,FALSE,TRUE
Caron Butler,East,NBA,2008,TRUE,FALSE
Kevin Garnett,East,NBA,2008,TRUE,TRUE
Richard Hamilton,East,NBA,2008,FALSE,FALSE
Dwight Howard,East,NBA,2008,FALSE,FALSE
LeBron James,East,NBA,2008,FALSE,FALSE
Antawn Jamison,East,NBA,2008,FALSE,FALSE
Joe Johnson,East,NBA,2008,FALSE,FALSE
Jason Kidd,East,NBA,2008,FALSE,TRUE
Paul Pierce,East,NBA,2008,FALSE,TRUE
Dwyane Wade,East,NBA,2008,FALSE,FALSE
Rasheed Wallace,East,NBA,2008,FALSE,FALSE
Carmelo Anthony,West,NBA,2008,FALSE,FALSE
Carlos Boozer,West,NBA,2008,FALSE,FALSE
Kobe Bryant,West,NBA,2008,FALSE,TRUE
Tim Duncan,West,NBA,2008,FALSE,TRUE
Allen Iverson,West,NBA,2008,FALSE,TRUE
Yao Ming,West,NBA,2008,FALSE,TRUE
Steve Nash,West,NBA,2008,FALSE,TRUE
Dirk Nowitzki,West,NBA,2008,FALSE,FALSE
Chris Paul,West,NBA,2008,FALSE,FALSE
Brandon Roy,West,NBA,2008,FALSE,FALSE
Amar'e Stoudemire,West,NBA,2008,FALSE,FALSE
David West,West,NBA,2008,FALSE,FALSE
Gilbert Arenas,East,NBA,2007,FALSE,FALSE
Chauncey Billups,East,NBA,2007,FALSE,FALSE
Chris Bosh,East,NBA,2007,FALSE,TRUE
Caron Butler,East,NBA,2007,FALSE,FALSE
Vince Carter,East,NBA,2007,FALSE,FALSE
Richard Hamilton,East,NBA,2007,FALSE,FALSE
Dwight Howard,East,NBA,2007,FALSE,FALSE
LeBron James,East,NBA,2007,FALSE,FALSE
Joe Johnson,East,NBA,2007,FALSE,FALSE
Jason Kidd,East,NBA,2007,TRUE,TRUE
Jermaine O'Neal,East,NBA,2007,FALSE,FALSE
Shaquille O'Neal,East,NBA,2007,FALSE,TRUE
Dwyane Wade,East,NBA,2007,FALSE,FALSE
Ray Allen,West,NBA,2007,FALSE,TRUE
Carmelo Anthony,West,NBA,2007,FALSE,FALSE
Carlos Boozer,West,NBA,2007,TRUE,FALSE
Kobe Bryant,West,NBA,2007,FALSE,TRUE
Tim Duncan,West,NBA,2007,FALSE,TRUE
Kevin Garnett,West,NBA,2007,FALSE,TRUE
Josh Howard,West,NBA,2007,FALSE,FALSE
Allen Iverson,West,NBA,2007,TRUE,TRUE
Shawn Marion,West,NBA,2007,FALSE,FALSE
Tracy McGrady,West,NBA,2007,FALSE,TRUE
Yao Ming,West,NBA,2007,TRUE,TRUE
Steve Nash,West,NBA,2007,TRUE,TRUE
Dirk Nowitzki,West,NBA,2007,FALSE,FALSE
Mehmet Okur,West,NBA,2007,FALSE,FALSE
Tony Parker,West,NBA,2007,FALSE,FALSE
Amar'e Stoudemire,West,NBA,2007,FALSE,FALSE
Gilbert Arenas,East,NBA,2006,FALSE,FALSE
Chauncey Billups,East,NBA,2006,FALSE,FALSE
Chris Bosh,East,NBA,2006,FALSE,TRUE
Vince Carter,East,NBA,2006,FALSE,FALSE
Richard Hamilton,East,NBA,2006,FALSE,FALSE
Allen Iverson,East,NBA,2006,FALSE,TRUE
LeBron James,East,NBA,2006,FALSE,FALSE
Jermaine O'Neal,East,NBA,2006,TRUE,FALSE
Shaquille O'Neal,East,NBA,2006,FALSE,TRUE
Paul Pierce,East,NBA,2006,FALSE,TRUE
Dwyane Wade,East,NBA,2006,FALSE,FALSE
Ben Wallace,East,NBA,2006,FALSE,TRUE
Rasheed Wallace,East,NBA,2006,FALSE,FALSE
Ray Allen,West,NBA,2006,FALSE,TRUE
Elton Brand,West,NBA,2006,FALSE,FALSE
Kobe Bryant,West,NBA,2006,FALSE,TRUE
Tim Duncan,West,NBA,2006,FALSE,TRUE
Kevin Garnett,West,NBA,2006,FALSE,TRUE
Pau Gasol,West,NBA,2006,FALSE,FALSE
Shawn Marion,West,NBA,2006,FALSE,FALSE
Tracy McGrady,West,NBA,2006,FALSE,TRUE
Yao Ming,West,NBA,2006,FALSE,TRUE
Steve Nash,West,NBA,2006,FALSE,TRUE
Dirk Nowitzki,West,NBA,2006,FALSE,FALSE
Tony Parker,West,NBA,2006,FALSE,FALSE
Gilbert Arenas,East,NBA,2005,FALSE,FALSE
Vince Carter,East,NBA,2005,FALSE,FALSE
Grant Hill,East,NBA,2005,FALSE,TRUE
Zydrunas Ilgauskas,East,NBA,2005,FALSE,FALSE
Allen Iverson,East,NBA,2005,FALSE,TRUE
LeBron James,East,NBA,2005,FALSE,FALSE
Antawn Jamison,East,NBA,2005,FALSE,FALSE
Jermaine O'Neal,East,NBA,2005,FALSE,FALSE
Shaquille O'Neal,East,NBA,2005,FALSE,TRUE
Paul Pierce,East,NBA,2005,FALSE,TRUE
Dwyane Wade,East,NBA,2005,FALSE,FALSE
Ben Wallace,East,NBA,2005,FALSE,TRUE
Ray Allen,West,NBA,2005,FALSE,TRUE
Kobe Bryant,West,NBA,2005,FALSE,TRUE
Tim Duncan,West,NBA,2005,FALSE,TRUE
Kevin Garnett,West,NBA,2005,FALSE,TRUE
Manu Ginóbili,West,NBA,2005,FALSE,FALSE
Rashard Lewis,West,NBA,2005,FALSE,FALSE
Shawn Marion,West,NBA,2005,FALSE,FALSE
Tracy McGrady,West,NBA,2005,FALSE,TRUE
Yao Ming,West,NBA,2005,FALSE,TRUE
Steve Nash,West,NBA,2005,FALSE,TRUE
Dirk Nowitzki,West,NBA,2005,FALSE,FALSE
Amar'e Stoudemire,West,NBA,2005,FALSE,FALSE
Metta World Peace,East,NBA,2004,FALSE,FALSE
Vince Carter,East,NBA,2004,FALSE,FALSE
Baron Davis,East,NBA,2004,FALSE,FALSE
Allen Iverson,East,NBA,2004,FALSE,TRUE
Jason Kidd,East,NBA,2004,FALSE,TRUE
Jamaal Magloire,East,NBA,2004,FALSE,FALSE
Kenyon Martin,East,NBA,2004,FALSE,FALSE
Tracy McGrady,East,NBA,2004,FALSE,TRUE
Jermaine O'Neal,East,NBA,2004,FALSE,FALSE
Paul Pierce,East,NBA,2004,FALSE,TRUE
Michael Redd,East,NBA,2004,FALSE,FALSE
Ben Wallace,East,NBA,2004,FALSE,TRUE
Ray Allen,West,NBA,2004,FALSE,TRUE
Kobe Bryant,West,NBA,2004,FALSE,TRUE
Sam Cassell,West,NBA,2004,FALSE,FALSE
Tim Duncan,West,NBA,2004,FALSE,TRUE
Steve Francis,West,NBA,2004,FALSE,FALSE
Kevin Garnett,West,NBA,2004,FALSE,TRUE
Andrei Kirilenko,West,NBA,2004,FALSE,FALSE
Brad Miller,West,NBA,2004,FALSE,FALSE
Yao Ming,West,NBA,2004,FALSE,TRUE
Dirk Nowitzki,West,NBA,2004,FALSE,FALSE
Shaquille O'Neal,West,NBA,2004,FALSE,TRUE
Peja Stojaković,West,NBA,2004,FALSE,FALSE
Vince Carter,East,NBA,2003,FALSE,FALSE
Zydrunas Ilgauskas,East,NBA,2003,FALSE,FALSE
Allen Iverson,East,NBA,2003,FALSE,TRUE
Michael Jordan,East,NBA,2003,FALSE,TRUE
Jason Kidd,East,NBA,2003,FALSE,TRUE
Jamal Mashburn,East,NBA,2003,FALSE,FALSE
Tracy McGrady,East,NBA,2003,FALSE,TRUE
Brad Miller,East,NBA,2003,FALSE,FALSE
Jermaine O'Neal,East,NBA,2003,FALSE,FALSE
Paul Pierce,East,NBA,2003,FALSE,TRUE
Antoine Walker,East,NBA,2003,FALSE,FALSE
Ben Wallace,East,NBA,2003,FALSE,TRUE
Kobe Bryant,West,NBA,2003,FALSE,TRUE
Tim Duncan,West,NBA,2003,FALSE,TRUE
Steve Francis,West,NBA,2003,FALSE,FALSE
Kevin Garnett,West,NBA,2003,FALSE,TRUE
Stephon Marbury,West,NBA,2003,FALSE,FALSE
Shawn Marion,West,NBA,2003,FALSE,FALSE
Yao Ming,West,NBA,2003,FALSE,TRUE
Steve Nash,West,NBA,2003,FALSE,TRUE
Dirk Nowitzki,West,NBA,2003,FALSE,FALSE
Shaquille O'Neal,West,NBA,2003,FALSE,TRUE
Gary Payton,West,NBA,2003,FALSE,TRUE
Peja Stojaković,West,NBA,2003,FALSE,FALSE
Chris Webber,West,NBA,2003,TRUE,TRUE
Shareef Abdur-Rahim,East,NBA,2002,FALSE,FALSE
Ray Allen,East,NBA,2002,FALSE,TRUE
Vince Carter,East,NBA,2002,TRUE,FALSE
Baron Davis,East,NBA,2002,FALSE,FALSE
Allen Iverson,East,NBA,2002,FALSE,TRUE
Michael Jordan,East,NBA,2002,FALSE,TRUE
Jason Kidd,East,NBA,2002,FALSE,TRUE
Tracy McGrady,East,NBA,2002,FALSE,TRUE
Alonzo Mourning,East,NBA,2002,FALSE,TRUE
Dikembe Mutombo,East,NBA,2002,FALSE,TRUE
Jermaine O'Neal,East,NBA,2002,FALSE,FALSE
Paul Pierce,East,NBA,2002,FALSE,TRUE
Antoine Walker,East,NBA,2002,FALSE,FALSE
Elton Brand,West,NBA,2002,FALSE,FALSE
Kobe Bryant,West,NBA,2002,FALSE,TRUE
Tim Duncan,West,NBA,2002,FALSE,TRUE
Steve Francis,West,NBA,2002,FALSE,FALSE
Kevin Garnett,West,NBA,2002,FALSE,TRUE
Karl Malone,West,NBA,2002,TRUE,TRUE
Steve Nash,West,NBA,2002,FALSE,TRUE
Dirk Nowitzki,West,NBA,2002,FALSE,FALSE
Shaquille O'Neal,West,NBA,2002,TRUE,TRUE
Gary Payton,West,NBA,2002,FALSE,TRUE
Peja Stojaković,West,NBA,2002,FALSE,FALSE
Wally Szczerbiak,West,NBA,2002,FALSE,FALSE
Chris Webber,West,NBA,2002,FALSE,TRUE
Ray Allen,East,NBA,2001,FALSE,TRUE
Vince Carter,East,NBA,2001,FALSE,FALSE
Antonio Davis,East,NBA,2001,FALSE,FALSE
Grant Hill,East,NBA,2001,TRUE,TRUE
Allan Houston,East,NBA,2001,FALSE,FALSE
Allen Iverson,East,NBA,2001,FALSE,TRUE
Stephon Marbury,East,NBA,2001,FALSE,FALSE
Anthony Mason,East,NBA,2001,FALSE,FALSE
Tracy McGrady,East,NBA,2001,FALSE,TRUE
Alonzo Mourning,East,NBA,2001,TRUE,TRUE
Dikembe Mutombo,East,NBA,2001,FALSE,TRUE
Theo Ratliff,East,NBA,2001,TRUE,FALSE
Glenn Robinson,East,NBA,2001,FALSE,FALSE
Latrell Sprewell,East,NBA,2001,FALSE,FALSE
Jerry Stackhouse,East,NBA,2001,FALSE,FALSE
Kobe Bryant,West,NBA,2001,FALSE,TRUE
Vlade Divac,West,NBA,2001,FALSE,TRUE
Tim Duncan,West,NBA,2001,FALSE,TRUE
Michael Finley,West,NBA,2001,FALSE,FALSE
Kevin Garnett,West,NBA,2001,FALSE,TRUE
Jason Kidd,West,NBA,2001,FALSE,TRUE
Karl Malone,West,NBA,2001,FALSE,TRUE
Antonio McDyess,West,NBA,2001,FALSE,FALSE
Shaquille O'Neal,West,NBA,2001,TRUE,TRUE
Gary Payton,West,NBA,2001,FALSE,TRUE
David Robinson,West,NBA,2001,FALSE,TRUE
Rasheed Wallace,West,NBA,2001,FALSE,FALSE
Chris Webber,West,NBA,2001,FALSE,TRUE
Ray Allen,East,NBA,2000,FALSE,TRUE
Vince Carter,East,NBA,2000,FALSE,FALSE
Dale Davis,East,NBA,2000,FALSE,FALSE
Grant Hill,East,NBA,2000,FALSE,TRUE
Allan Houston,East,NBA,2000,FALSE,FALSE
Allen Iverson,East,NBA,2000,FALSE,TRUE
Eddie Jones,East,NBA,2000,FALSE,FALSE
Reggie Miller,East,NBA,2000,FALSE,TRUE
Alonzo Mourning,East,NBA,2000,FALSE,TRUE
Dikembe Mutombo,East,NBA,2000,FALSE,TRUE
Glenn Robinson,East,NBA,2000,FALSE,FALSE
Jerry Stackhouse,East,NBA,2000,FALSE,FALSE
Kobe Bryant,West,NBA,2000,FALSE,TRUE
Tim Duncan,West,NBA,2000,FALSE,TRUE
Michael Finley,West,NBA,2000,FALSE,FALSE
Kevin Garnett,West,NBA,2000,FALSE,TRUE
Jason Kidd,West,NBA,2000,FALSE,TRUE
Karl Malone,West,NBA,2000,FALSE,TRUE
Shaquille O'Neal,West,NBA,2000,FALSE,TRUE
Gary Payton,West,NBA,2000,FALSE,TRUE
David Robinson,West,NBA,2000,FALSE,TRUE
John Stockton,West,NBA,2000,FALSE,TRUE
Rasheed Wallace,West,NBA,2000,FALSE,FALSE
Chris Webber,West,NBA,2000,FALSE,TRUE
Anfernee Hardaway,East,NBA,1998,FALSE,FALSE
Tim Hardaway,East,NBA,1998,FALSE,FALSE
Grant Hill,East,NBA,1998,FALSE,TRUE
Michael Jordan,East,NBA,1998,FALSE,TRUE
Shawn Kemp,East,NBA,1998,FALSE,FALSE
Reggie Miller,East,NBA,1998,FALSE,TRUE
Dikembe Mutombo,East,NBA,1998,FALSE,TRUE
Glen Rice,East,NBA,1998,FALSE,FALSE
Steve Smith,East,NBA,1998,FALSE,FALSE
Rik Smits,East,NBA,1998,FALSE,FALSE
Antoine Walker,East,NBA,1998,FALSE,FALSE
Jayson Williams,East,NBA,1998,FALSE,FALSE
Vin Baker,West,NBA,1998,FALSE,FALSE
Kobe Bryant,West,NBA,1998,FALSE,TRUE
Tim Duncan,West,NBA,1998,FALSE,TRUE
Kevin Garnett,West,NBA,1998,FALSE,TRUE
Eddie Jones,West,NBA,1998,FALSE,FALSE
Jason Kidd,West,NBA,1998,FALSE,TRUE
Karl Malone,West,NBA,1998,FALSE,TRUE
Shaquille O'Neal,West,NBA,1998,FALSE,TRUE
Gary Payton,West,NBA,1998,FALSE,TRUE
Mitch Richmond,West,NBA,1998,FALSE,TRUE
David Robinson,West,NBA,1998,FALSE,TRUE
Nick Van Exel,West,NBA,1998,FALSE,FALSE
Vin Baker,East,NBA,1997,FALSE,FALSE
Terrell Brandon,East,NBA,1997,FALSE,FALSE
Joe Dumars,East,NBA,1997,FALSE,TRUE
Patrick Ewing,East,NBA,1997,TRUE,TRUE
Anfernee Hardaway,East,NBA,1997,FALSE,FALSE
Tim Hardaway,East,NBA,1997,FALSE,FALSE
Grant Hill,East,NBA,1997,FALSE,TRUE
Michael Jordan,East,NBA,1997,FALSE,TRUE
Christian Laettner,East,NBA,1997,FALSE,FALSE
Alonzo Mourning,East,NBA,1997,TRUE,TRUE
Dikembe Mutombo,East,NBA,1997,FALSE,TRUE
Scottie Pippen,East,NBA,1997,FALSE,TRUE
Glen Rice,East,NBA,1997,FALSE,FALSE
Chris Webber,East,NBA,1997,FALSE,TRUE
Charles Barkley,West,NBA,1997,TRUE,TRUE
Clyde Drexler,West,NBA,1997,TRUE,TRUE
Kevin Garnett,West,NBA,1997,FALSE,TRUE
Chris Gatling,West,NBA,1997,FALSE,FALSE
Tom Gugliotta,West,NBA,1997,FALSE,FALSE
Eddie Jones,West,NBA,1997,FALSE,FALSE
Shawn Kemp,West,NBA,1997,FALSE,FALSE
Karl Malone,West,NBA,1997,FALSE,TRUE
Hakeem Olajuwon,West,NBA,1997,FALSE,TRUE
Shaquille O'Neal,West,NBA,1997,TRUE,TRUE
Gary Payton,West,NBA,1997,FALSE,TRUE
Mitch Richmond,West,NBA,1997,FALSE,TRUE
Detlef Schrempf,West,NBA,1997,FALSE,FALSE
Latrell Sprewell,West,NBA,1997,FALSE,FALSE
John Stockton,West,NBA,1997,FALSE,TRUE
Vin Baker,East,NBA,1996,FALSE,FALSE
Terrell Brandon,East,NBA,1996,FALSE,FALSE
Patrick Ewing,East,NBA,1996,FALSE,TRUE
Anfernee Hardaway,East,NBA,1996,FALSE,FALSE
Grant Hill,East,NBA,1996,FALSE,TRUE
Juwan Howard,East,NBA,1996,FALSE,FALSE
Michael Jordan,East,NBA,1996,FALSE,TRUE
Reggie Miller,East,NBA,1996,FALSE,TRUE
Alonzo Mourning,East,NBA,1996,FALSE,TRUE
Shaquille O'Neal,East,NBA,1996,FALSE,TRUE
Scottie Pippen,East,NBA,1996,FALSE,TRUE
Glen Rice,East,NBA,1996,FALSE,FALSE
Charles Barkley,West,NBA,1996,FALSE,TRUE
Clyde Drexler,West,NBA,1996,FALSE,TRUE
Sean Elliott,West,NBA,1996,FALSE,FALSE
Shawn Kemp,West,NBA,1996,FALSE,FALSE
Jason Kidd,West,NBA,1996,FALSE,TRUE
Karl Malone,West,NBA,1996,FALSE,TRUE
Dikembe Mutombo,West,NBA,1996,FALSE,TRUE
Hakeem Olajuwon,West,NBA,1996,FALSE,TRUE
Gary Payton,West,NBA,1996,FALSE,TRUE
Mitch Richmond,West,NBA,1996,FALSE,TRUE
David Robinson,West,NBA,1996,FALSE,TRUE
John Stockton,West,NBA,1996,FALSE,TRUE
Vin Baker,East,NBA,1995,FALSE,FALSE
Dana Barros,East,NBA,1995,FALSE,FALSE
Joe Dumars,East,NBA,1995,FALSE,TRUE
Patrick Ewing,East,NBA,1995,FALSE,TRUE
Anfernee Hardaway,East,NBA,1995,FALSE,FALSE
Grant Hill,East,NBA,1995,FALSE,TRUE
Tyrone Hill,East,NBA,1995,FALSE,FALSE
Larry Johnson,East,NBA,1995,FALSE,FALSE
Reggie Miller,East,NBA,1995,FALSE,TRUE
Alonzo Mourning,East,NBA,1995,FALSE,TRUE
Shaquille O'Neal,East,NBA,1995,FALSE,TRUE
Scottie Pippen,East,NBA,1995,FALSE,TRUE
Charles Barkley,West,NBA,1995,FALSE,TRUE
Cedric Ceballos,West,NBA,1995,TRUE,FALSE
Shawn Kemp,West,NBA,1995,FALSE,FALSE
Dan Majerle,West,NBA,1995,FALSE,FALSE
Karl Malone,West,NBA,1995,FALSE,TRUE
Dikembe Mutombo,West,NBA,1995,FALSE,TRUE
Hakeem Olajuwon,West,NBA,1995,FALSE,TRUE
Gary Payton,West,NBA,1995,FALSE,TRUE
Mitch Richmond,West,NBA,1995,FALSE,TRUE
David Robinson,West,NBA,1995,FALSE,TRUE
Detlef Schrempf,West,NBA,1995,FALSE,FALSE
Latrell Sprewell,West,NBA,1995,FALSE,FALSE
John Stockton,West,NBA,1995,FALSE,TRUE
Kenny Anderson,East,NBA,1994,FALSE,FALSE
B.J. Armstrong,East,NBA,1994,FALSE,FALSE
Mookie Blaylock,East,NBA,1994,FALSE,FALSE
Derrick Coleman,East,NBA,1994,FALSE,FALSE
Patrick Ewing,East,NBA,1994,FALSE,TRUE
Horace Grant,East,NBA,1994,FALSE,FALSE
Alonzo Mourning,East,NBA,1994,TRUE,TRUE
Charles Oakley,East,NBA,1994,FALSE,FALSE
Shaquille O'Neal,East,NBA,1994,FALSE,TRUE
Scottie Pippen,East,NBA,1994,FALSE,TRUE
Mark Price,East,NBA,1994,FALSE,FALSE
John Starks,East,NBA,1994,FALSE,FALSE
Dominique Wilkins,East,NBA,1994,FALSE,TRUE
Charles Barkley,West,NBA,1994,TRUE,TRUE
Clyde Drexler,West,NBA,1994,FALSE,TRUE
Kevin Johnson,West,NBA,1994,FALSE,FALSE
Shawn Kemp,West,NBA,1994,FALSE,FALSE
Karl Malone,West,NBA,1994,FALSE,TRUE
Danny Manning,West,NBA,1994,FALSE,FALSE
Hakeem Olajuwon,West,NBA,1994,FALSE,TRUE
Gary Payton,West,NBA,1994,FALSE,TRUE
Mitch Richmond,West,NBA,1994,FALSE,TRUE
Clifford Robinson,West,NBA,1994,FALSE,FALSE
David Robinson,West,NBA,1994,FALSE,TRUE
Latrell Sprewell,West,NBA,1994,FALSE,FALSE
John Stockton,West,NBA,1994,FALSE,TRUE
Brad Daugherty,East,NBA,1993,FALSE,FALSE
Joe Dumars,East,NBA,1993,FALSE,TRUE
Patrick Ewing,East,NBA,1993,FALSE,TRUE
Larry Johnson,East,NBA,1993,FALSE,FALSE
Michael Jordan,East,NBA,1993,FALSE,TRUE
Larry Nance,East,NBA,1993,FALSE,FALSE
Shaquille O'Neal,East,NBA,1993,FALSE,TRUE
Scottie Pippen,East,NBA,1993,FALSE,TRUE
Mark Price,East,NBA,1993,FALSE,FALSE
Detlef Schrempf,East,NBA,1993,FALSE,FALSE
Isiah Thomas,East,NBA,1993,FALSE,TRUE
Dominique Wilkins,East,NBA,1993,FALSE,TRUE
Charles Barkley,West,NBA,1993,FALSE,TRUE
Clyde Drexler,West,NBA,1993,FALSE,TRUE
Sean Elliott,West,NBA,1993,FALSE,FALSE
Tim Hardaway,West,NBA,1993,FALSE,FALSE
Shawn Kemp,West,NBA,1993,FALSE,FALSE
Dan Majerle,West,NBA,1993,FALSE,FALSE
Karl Malone,West,NBA,1993,FALSE,TRUE
Danny Manning,West,NBA,1993,FALSE,FALSE
Chris Mullin,West,NBA,1993,TRUE,TRUE
Hakeem Olajuwon,West,NBA,1993,FALSE,TRUE
Terry Porter,West,NBA,1993,FALSE,FALSE
Mitch Richmond,West,NBA,1993,TRUE,TRUE
David Robinson,West,NBA,1993,FALSE,TRUE
John Stockton,West,NBA,1993,FALSE,TRUE
Michael Adams,East,NBA,1992,FALSE,FALSE
Charles Barkley,East,NBA,1992,FALSE,TRUE
Larry Bird,East,NBA,1992,TRUE,TRUE
Brad Daugherty,East,NBA,1992,FALSE,FALSE
Joe Dumars,East,NBA,1992,FALSE,TRUE
Patrick Ewing,East,NBA,1992,FALSE,TRUE
Michael Jordan,East,NBA,1992,FALSE,TRUE
Reggie Lewis,East,NBA,1992,FALSE,FALSE
Scottie Pippen,East,NBA,1992,FALSE,TRUE
Mark Price,East,NBA,1992,FALSE,FALSE
Dennis Rodman,East,NBA,1992,FALSE,TRUE
Isiah Thomas,East,NBA,1992,FALSE,TRUE
Dominique Wilkins,East,NBA,1992,TRUE,TRUE
Kevin Willis,East,NBA,1992,FALSE,FALSE
Clyde Drexler,West,NBA,1992,FALSE,TRUE
Tim Hardaway,West,NBA,1992,FALSE,FALSE
Jeff Hornacek,West,NBA,1992,FALSE,FALSE
Magic Johnson,West,NBA,1992,FALSE,TRUE
Dan Majerle,West,NBA,1992,FALSE,FALSE
Karl Malone,West,NBA,1992,FALSE,TRUE
Chris Mullin,West,NBA,1992,FALSE,TRUE
Dikembe Mutombo,West,NBA,1992,FALSE,TRUE
Hakeem Olajuwon,West,NBA,1992,FALSE,TRUE
David Robinson,West,NBA,1992,FALSE,TRUE
John Stockton,West,NBA,1992,FALSE,TRUE
Otis Thorpe,West,NBA,1992,FALSE,FALSE
James Worthy,West,NBA,1992,FALSE,TRUE
Charles Barkley,East,NBA,1991,FALSE,TRUE
Larry Bird,East,NBA,1991,TRUE,TRUE
Brad Daugherty,East,NBA,1991,FALSE,FALSE
Joe Dumars,East,NBA,1991,FALSE,TRUE
Patrick Ewing,East,NBA,1991,FALSE,TRUE
Hersey Hawkins,East,NBA,1991,FALSE,FALSE
Michael Jordan,East,NBA,1991,FALSE,TRUE
Bernard King,East,NBA,1991,FALSE,TRUE
Kevin McHale,East,NBA,1991,FALSE,TRUE
Robert Parish,East,NBA,1991,FALSE,TRUE
Ricky Pierce,East,NBA,1991,FALSE,FALSE
Alvin Robertson,East,NBA,1991,FALSE,FALSE
Isiah Thomas,East,NBA,1991,TRUE,TRUE
Dominique Wilkins,East,NBA,1991,FALSE,TRUE
Tom Chambers,West,NBA,1991,FALSE,FALSE
Clyde Drexler,West,NBA,1991,FALSE,TRUE
Kevin Duckworth,West,NBA,1991,FALSE,FALSE
Tim Hardaway,West,NBA,1991,FALSE,FALSE
Kevin Johnson,West,NBA,1991,FALSE,FALSE
Magic Johnson,West,NBA,1991,FALSE,TRUE
Karl Malone,West,NBA,1991,FALSE,TRUE
Chris Mullin,West,NBA,1991,FALSE,TRUE
Terry Porter,West,NBA,1991,FALSE,FALSE
David Robinson,West,NBA,1991,FALSE,TRUE
John Stockton,West,NBA,1991,FALSE,TRUE
James Worthy,West,NBA,1991,FALSE,TRUE
Charles Barkley,East,NBA,1990,FALSE,TRUE
Larry Bird,East,NBA,1990,FALSE,TRUE
Joe Dumars,East,NBA,1990,FALSE,TRUE
Patrick Ewing,East,NBA,1990,FALSE,TRUE
Michael Jordan,East,NBA,1990,FALSE,TRUE
Kevin McHale,East,NBA,1990,FALSE,TRUE
Reggie Miller,East,NBA,1990,FALSE,TRUE
Robert Parish,East,NBA,1990,FALSE,TRUE
Scottie Pippen,East,NBA,1990,FALSE,TRUE
Dennis Rodman,East,NBA,1990,FALSE,TRUE
Isiah Thomas,East,NBA,1990,FALSE,TRUE
Dominique Wilkins,East,NBA,1990,FALSE,TRUE
Rolando Blackman,West,NBA,1990,FALSE,FALSE
Tom Chambers,West,NBA,1990,FALSE,FALSE
Clyde Drexler,West,NBA,1990,FALSE,TRUE
A.C. Green,West,NBA,1990,FALSE,FALSE
Kevin Johnson,West,NBA,1990,FALSE,FALSE
Magic Johnson,West,NBA,1990,FALSE,TRUE
Fat Lever,West,NBA,1990,FALSE,FALSE
Karl Malone,West,NBA,1990,TRUE,TRUE
Chris Mullin,West,NBA,1990,FALSE,TRUE
Hakeem Olajuwon,West,NBA,1990,FALSE,TRUE
David Robinson,West,NBA,1990,FALSE,TRUE
John Stockton,West,NBA,1990,FALSE,TRUE
James Worthy,West,NBA,1990,FALSE,TRUE
Charles Barkley,East,NBA,1989,FALSE,TRUE
Terry Cummings,East,NBA,1989,FALSE,FALSE
Brad Daugherty,East,NBA,1989,FALSE,FALSE
Patrick Ewing,East,NBA,1989,FALSE,TRUE
Mark Jackson,East,NBA,1989,FALSE,FALSE
Michael Jordan,East,NBA,1989,FALSE,TRUE
Moses Malone,East,NBA,1989,FALSE,TRUE
Kevin McHale,East,NBA,1989,FALSE,TRUE
Larry Nance,East,NBA,1989,FALSE,FALSE
Mark Price,East,NBA,1989,FALSE,FALSE
Isiah Thomas,East,NBA,1989,FALSE,TRUE
Dominique Wilkins,East,NBA,1989,FALSE,TRUE
Kareem Abdul-Jabbar,West,NBA,1989,FALSE,TRUE
Tom Chambers,West,NBA,1989,FALSE,FALSE
Clyde Drexler,West,NBA,1989,FALSE,TRUE
Kevin Duckworth,West,NBA,1989,FALSE,FALSE
Mark Eaton,West,NBA,1989,FALSE,FALSE
Dale Ellis,West,NBA,1989,FALSE,FALSE
Alex English,West,NBA,1989,FALSE,TRUE
Magic Johnson,West,NBA,1989,TRUE,TRUE
Karl Malone,West,NBA,1989,FALSE,TRUE
Chris Mullin,West,NBA,1989,FALSE,TRUE
Hakeem Olajuwon,West,NBA,1989,FALSE,TRUE
John Stockton,West,NBA,1989,FALSE,TRUE
James Worthy,West,NBA,1989,FALSE,TRUE
Danny Ainge,East,NBA,1988,FALSE,FALSE
Charles Barkley,East,NBA,1988,FALSE,TRUE
Larry Bird,East,NBA,1988,FALSE,TRUE
Maurice Cheeks,East,NBA,1988,FALSE,TRUE
Brad Daugherty,East,NBA,1988,FALSE,FALSE
Patrick Ewing,East,NBA,1988,FALSE,TRUE
Michael Jordan,East,NBA,1988,FALSE,TRUE
Moses Malone,East,NBA,1988,FALSE,TRUE
Kevin McHale,East,NBA,1988,FALSE,TRUE
Doc Rivers,East,NBA,1988,FALSE,FALSE
Isiah Thomas,East,NBA,1988,FALSE,TRUE
Dominique Wilkins,East,NBA,1988,FALSE,TRUE
Kareem Abdul-Jabbar,West,NBA,1988,FALSE,TRUE
Mark Aguirre,West,NBA,1988,FALSE,FALSE
James Donaldson,West,NBA,1988,FALSE,FALSE
Clyde Drexler,West,NBA,1988,FALSE,TRUE
Alex English,West,NBA,1988,FALSE,TRUE
Magic Johnson,West,NBA,1988,FALSE,TRUE
Steve Johnson,West,NBA,1988,TRUE,FALSE
Fat Lever,West,NBA,1988,FALSE,FALSE
Karl Malone,West,NBA,1988,FALSE,TRUE
Xavier McDaniel,West,NBA,1988,FALSE,FALSE
Hakeem Olajuwon,West,NBA,1988,FALSE,TRUE
Alvin Robertson,West,NBA,1988,FALSE,FALSE
James Worthy,West,NBA,1988,FALSE,TRUE
Charles Barkley,East,NBA,1987,FALSE,TRUE
Larry Bird,East,NBA,1987,FALSE,TRUE
Maurice Cheeks,East,NBA,1987,FALSE,TRUE
Julius Erving,East,NBA,1987,FALSE,TRUE
Michael Jordan,East,NBA,1987,FALSE,TRUE
Bill Laimbeer,East,NBA,1987,FALSE,FALSE
Jeff Malone,East,NBA,1987,FALSE,FALSE
Moses Malone,East,NBA,1987,FALSE,TRUE
Kevin McHale,East,NBA,1987,FALSE,TRUE
Robert Parish,East,NBA,1987,FALSE,TRUE
Isiah Thomas,East,NBA,1987,FALSE,TRUE
Dominique Wilkins,East,NBA,1987,FALSE,TRUE
Kareem Abdul-Jabbar,West,NBA,1987,FALSE,TRUE
Mark Aguirre,West,NBA,1987,FALSE,FALSE
Rolando Blackman,West,NBA,1987,FALSE,FALSE
Joe Barry Carroll,West,NBA,1987,FALSE,FALSE
Tom Chambers,West,NBA,1987,FALSE,FALSE
Walter Davis,West,NBA,1987,FALSE,FALSE
Alex English,West,NBA,1987,FALSE,TRUE
Sleepy Floyd,West,NBA,1987,FALSE,FALSE
Magic Johnson,West,NBA,1987,FALSE,TRUE
Hakeem Olajuwon,West,NBA,1987,FALSE,TRUE
Alvin Robertson,West,NBA,1987,FALSE,FALSE
Ralph Sampson,West,NBA,1987,TRUE,TRUE
James Worthy,West,NBA,1987,FALSE,TRUE
Larry Bird,East,NBA,1986,FALSE,TRUE
Maurice Cheeks,East,NBA,1986,FALSE,TRUE
Julius Erving,East,NBA,1986,FALSE,TRUE
Patrick Ewing,East,NBA,1986,TRUE,TRUE
Michael Jordan,East,NBA,1986,TRUE,TRUE
Jeff Malone,East,NBA,1986,FALSE,FALSE
Moses Malone,East,NBA,1986,FALSE,TRUE
Kevin McHale,East,NBA,1986,FALSE,TRUE
Sidney Moncrief,East,NBA,1986,FALSE,TRUE
Robert Parish,East,NBA,1986,FALSE,TRUE
Isiah Thomas,East,NBA,1986,FALSE,TRUE
Dominique Wilkins,East,NBA,1986,FALSE,TRUE
Buck Williams,East,NBA,1986,FALSE,FALSE
Kareem Abdul-Jabbar,West,NBA,1986,FALSE,TRUE
Rolando Blackman,West,NBA,1986,FALSE,FALSE
Adrian Dantley,West,NBA,1986,FALSE,TRUE
Clyde Drexler,West,NBA,1986,FALSE,TRUE
Alex English,West,NBA,1986,FALSE,TRUE
Artis Gilmore,West,NBA,1986,FALSE,TRUE
Marques Johnson,West,NBA,1986,FALSE,FALSE
Magic Johnson,West,NBA,1986,FALSE,TRUE
Hakeem Olajuwon,West,NBA,1986,FALSE,TRUE
Alvin Robertson,West,NBA,1986,FALSE,FALSE
Ralph Sampson,West,NBA,1986,FALSE,TRUE
James Worthy,West,NBA,1986,FALSE,TRUE
Larry Bird,East,NBA,1985,FALSE,TRUE
Terry Cummings,East,NBA,1985,FALSE,FALSE
Julius Erving,East,NBA,1985,FALSE,TRUE
Dennis Johnson,East,NBA,1985,FALSE,TRUE
Michael Jordan,East,NBA,1985,FALSE,TRUE
Bernard King,East,NBA,1985,FALSE,TRUE
Bill Laimbeer,East,NBA,1985,FALSE,FALSE
Moses Malone,East,NBA,1985,FALSE,TRUE
Sidney Moncrief,East,NBA,1985,FALSE,TRUE
Robert Parish,East,NBA,1985,FALSE,TRUE
Micheal Ray Richardson,East,NBA,1985,FALSE,FALSE
Jeff Ruland,East,NBA,1985,TRUE,FALSE
Isiah Thomas,East,NBA,1985,FALSE,TRUE
Kareem Abdul-Jabbar,West,NBA,1985,FALSE,TRUE
Rolando Blackman,West,NBA,1985,FALSE,FALSE
Adrian Dantley,West,NBA,1985,FALSE,TRUE
Alex English,West,NBA,1985,FALSE,TRUE
George Gervin,West,NBA,1985,FALSE,TRUE
Magic Johnson,West,NBA,1985,FALSE,TRUE
Larry Nance,West,NBA,1985,FALSE,FALSE
Calvin Natt,West,NBA,1985,FALSE,FALSE
Norm Nixon,West,NBA,1985,FALSE,FALSE
Hakeem Olajuwon,West,NBA,1985,FALSE,TRUE
Ralph Sampson,West,NBA,1985,FALSE,TRUE
Jack Sikma,West,NBA,1985,FALSE,TRUE
Larry Bird,East,NBA,1984,FALSE,TRUE
Otis Birdsong,East,NBA,1984,FALSE,FALSE
Julius Erving,East,NBA,1984,FALSE,TRUE
Bernard King,East,NBA,1984,FALSE,TRUE
Bill Laimbeer,East,NBA,1984,FALSE,FALSE
Moses Malone,East,NBA,1984,TRUE,TRUE
Kevin McHale,East,NBA,1984,FALSE,TRUE
Sidney Moncrief,East,NBA,1984,FALSE,TRUE
Robert Parish,East,NBA,1984,FALSE,TRUE
Jeff Ruland,East,NBA,1984,FALSE,FALSE
Isiah Thomas,East,NBA,1984,FALSE,TRUE
Andrew Toney,East,NBA,1984,FALSE,FALSE
Kelly Tripucka,East,NBA,1984,FALSE,FALSE
Kareem Abdul-Jabbar,West,NBA,1984,FALSE,TRUE
Mark Aguirre,West,NBA,1984,FALSE,FALSE
Adrian Dantley,West,NBA,1984,FALSE,TRUE
Walter Davis,West,NBA,1984,FALSE,FALSE
Alex English,West,NBA,1984,FALSE,TRUE
George Gervin,West,NBA,1984,FALSE,TRUE
Rickey Green,West,NBA,1984,FALSE,FALSE
Magic Johnson,West,NBA,1984,FALSE,TRUE
Jim Paxson,West,NBA,1984,FALSE,FALSE
Ralph Sampson,West,NBA,1984,FALSE,TRUE
Jack Sikma,West,NBA,1984,FALSE,TRUE
Kiki Vandeweghe,West,NBA,1984,FALSE,FALSE
Larry Bird,East,NBA,1983,FALSE,TRUE
Maurice Cheeks,East,NBA,1983,FALSE,TRUE
Julius Erving,East,NBA,1983,FALSE,TRUE
Marques Johnson,East,NBA,1983,FALSE,FALSE
Bill Laimbeer,East,NBA,1983,FALSE,FALSE
Moses Malone,East,NBA,1983,FALSE,TRUE
Sidney Moncrief,East,NBA,1983,FALSE,TRUE
Robert Parish,East,NBA,1983,FALSE,TRUE
Reggie Theus,East,NBA,1983,FALSE,FALSE
Isiah Thomas,East,NBA,1983,FALSE,TRUE
Andrew Toney,East,NBA,1983,FALSE,FALSE
Buck Williams,East,NBA,1983,FALSE,FALSE
Kareem Abdul-Jabbar,West,NBA,1983,FALSE,TRUE
Alex English,West,NBA,1983,FALSE,TRUE
George Gervin,West,NBA,1983,FALSE,TRUE
Artis Gilmore,West,NBA,1983,FALSE,TRUE
Magic Johnson,West,NBA,1983,FALSE,TRUE
Maurice Lucas,West,NBA,1983,FALSE,FALSE
Jim Paxson,West,NBA,1983,FALSE,FALSE
Jack Sikma,West,NBA,1983,FALSE,TRUE
David Thompson,West,NBA,1983,FALSE,TRUE
Kiki Vandeweghe,West,NBA,1983,FALSE,FALSE
Jamaal Wilkes,West,NBA,1983,FALSE,TRUE
Gus Williams,West,NBA,1983,FALSE,FALSE
Tiny Archibald,East,NBA,1982,FALSE,TRUE
Larry Bird,East,NBA,1982,FALSE,TRUE
Julius Erving,East,NBA,1982,FALSE,TRUE
Artis Gilmore,East,NBA,1982,FALSE,TRUE
Bobby Jones,East,NBA,1982,FALSE,TRUE
Bob Lanier,East,NBA,1982,FALSE,TRUE
Sidney Moncrief,East,NBA,1982,FALSE,TRUE
Robert Parish,East,NBA,1982,FALSE,TRUE
Micheal Ray Richardson,East,NBA,1982,FALSE,FALSE
Dan Roundfield,East,NBA,1982,TRUE,FALSE
Isiah Thomas,East,NBA,1982,FALSE,TRUE
Kelly Tripucka,East,NBA,1982,FALSE,FALSE
Buck Williams,East,NBA,1982,FALSE,FALSE
Kareem Abdul-Jabbar,West,NBA,1982,FALSE,TRUE
Adrian Dantley,West,NBA,1982,FALSE,TRUE
Alex English,West,NBA,1982,FALSE,TRUE
George Gervin,West,NBA,1982,FALSE,TRUE
Dennis Johnson,West,NBA,1982,FALSE,TRUE
Magic Johnson,West,NBA,1982,FALSE,TRUE
Bernard King,West,NBA,1982,FALSE,TRUE
Moses Malone,West,NBA,1982,FALSE,TRUE
Norm Nixon,West,NBA,1982,FALSE,FALSE
Lonnie Shelton,West,NBA,1982,FALSE,FALSE
Jack Sikma,West,NBA,1982,FALSE,TRUE
Gus Williams,West,NBA,1982,FALSE,FALSE
Tiny Archibald,East,NBA,1981,FALSE,TRUE
Larry Bird,East,NBA,1981,FALSE,TRUE
Julius Erving,East,NBA,1981,FALSE,TRUE
Artis Gilmore,East,NBA,1981,FALSE,TRUE
Eddie Johnson,East,NBA,1981,FALSE,FALSE
Marques Johnson,East,NBA,1981,FALSE,FALSE
Bobby Jones,East,NBA,1981,FALSE,TRUE
Mike Mitchell,East,NBA,1981,FALSE,FALSE
Robert Parish,East,NBA,1981,FALSE,TRUE
Micheal Ray Richardson,East,NBA,1981,FALSE,FALSE
Dan Roundfield,East,NBA,1981,TRUE,FALSE
Reggie Theus,East,NBA,1981,FALSE,FALSE
Kareem Abdul-Jabbar,West,NBA,1981,FALSE,TRUE
Otis Birdsong,West,NBA,1981,FALSE,FALSE
Adrian Dantley,West,NBA,1981,FALSE,TRUE
Walter Davis,West,NBA,1981,FALSE,FALSE
George Gervin,West,NBA,1981,FALSE,TRUE
Dennis Johnson,West,NBA,1981,FALSE,TRUE
Moses Malone,West,NBA,1981,FALSE,TRUE
Truck Robinson,West,NBA,1981,FALSE,FALSE
Jack Sikma,West,NBA,1981,FALSE,TRUE
Paul Westphal,West,NBA,1981,FALSE,TRUE
Jamaal Wilkes,West,NBA,1981,FALSE,TRUE
Tiny Archibald,East,NBA,1980,FALSE,TRUE
Larry Bird,East,NBA,1980,FALSE,TRUE
Bill Cartwright,East,NBA,1980,FALSE,FALSE
Dave Cowens,East,NBA,1980,TRUE,TRUE
John Drew,East,NBA,1980,FALSE,FALSE
Julius Erving,East,NBA,1980,FALSE,TRUE
George Gervin,East,NBA,1980,FALSE,TRUE
Elvin Hayes,East,NBA,1980,FALSE,TRUE
Eddie Johnson,East,NBA,1980,FALSE,FALSE
Moses Malone,East,NBA,1980,FALSE,TRUE
Micheal Ray Richardson,East,NBA,1980,FALSE,FALSE
Dan Roundfield,East,NBA,1980,FALSE,FALSE
Kareem Abdul-Jabbar,West,NBA,1980,FALSE,TRUE
Otis Birdsong,West,NBA,1980,FALSE,FALSE
Adrian Dantley,West,NBA,1980,FALSE,TRUE
Walter Davis,West,NBA,1980,FALSE,FALSE
World B. Free,West,NBA,1980,FALSE,FALSE
Dennis Johnson,West,NBA,1980,FALSE,TRUE
Marques Johnson,West,NBA,1980,FALSE,FALSE
Magic Johnson,West,NBA,1980,FALSE,TRUE
Jack Sikma,West,NBA,1980,FALSE,TRUE
Kermit Washington,West,NBA,1980,FALSE,FALSE
Scott Wedman,West,NBA,1980,TRUE,FALSE
Paul Westphal,West,NBA,1980,FALSE,TRUE
Doug Collins,East,NBA,1979,TRUE,FALSE
Bob Dandridge,East,NBA,1979,FALSE,TRUE
Julius Erving,East,NBA,1979,FALSE,TRUE
George Gervin,East,NBA,1979,FALSE,TRUE
Elvin Hayes,East,NBA,1979,FALSE,TRUE
Larry Kenon,East,NBA,1979,FALSE,FALSE
Bob Lanier,East,NBA,1979,FALSE,TRUE
Moses Malone,East,NBA,1979,FALSE,TRUE
Pete Maravich,East,NBA,1979,FALSE,TRUE
Calvin Murphy,East,NBA,1979,FALSE,TRUE
Campy Russell,East,NBA,1979,FALSE,FALSE
Rudy Tomjanovich,East,NBA,1979,FALSE,TRUE
Kareem Abdul-Jabbar,West,NBA,1979,FALSE,TRUE
Otis Birdsong,West,NBA,1979,FALSE,FALSE
Walter Davis,West,NBA,1979,FALSE,FALSE
Artis Gilmore,West,NBA,1979,FALSE,TRUE
Dennis Johnson,West,NBA,1979,FALSE,TRUE
Marques Johnson,West,NBA,1979,FALSE,FALSE
Maurice Lucas,West,NBA,1979,FALSE,FALSE
George McGinnis,West,NBA,1979,FALSE,TRUE
Jack Sikma,West,NBA,1979,FALSE,TRUE
David Thompson,West,NBA,1979,FALSE,TRUE
Paul Westphal,West,NBA,1979,FALSE,TRUE
Doug Collins,East,NBA,1978,FALSE,FALSE
Dave Cowens,East,NBA,1978,FALSE,TRUE
Julius Erving,East,NBA,1978,FALSE,TRUE
George Gervin,East,NBA,1978,FALSE,TRUE
John Havlicek,East,NBA,1978,FALSE,TRUE
Elvin Hayes,East,NBA,1978,FALSE,TRUE
Larry Kenon,East,NBA,1978,FALSE,FALSE
Billy Knight,East,NBA,1978,TRUE,FALSE
Moses Malone,East,NBA,1978,FALSE,TRUE
Pete Maravich,East,NBA,1978,TRUE,TRUE
Bob McAdoo,East,NBA,1978,FALSE,TRUE
Truck Robinson,East,NBA,1978,FALSE,FALSE
Randy Smith,East,NBA,1978,FALSE,FALSE
Rick Barry,West,NBA,1978,FALSE,TRUE
Walter Davis,West,NBA,1978,FALSE,FALSE
Artis Gilmore,West,NBA,1978,FALSE,TRUE
Lionel Hollins,West,NBA,1978,FALSE,FALSE
Bobby Jones,West,NBA,1978,FALSE,TRUE
Bob Lanier,West,NBA,1978,FALSE,TRUE
Maurice Lucas,West,NBA,1978,FALSE,FALSE
David Thompson,West,NBA,1978,FALSE,TRUE
Bill Walton,West,NBA,1978,FALSE,TRUE
Paul Westphal,West,NBA,1978,FALSE,TRUE
Brian Winters,West,NBA,1978,FALSE,FALSE
Phil Chenier,East,NBA,1977,FALSE,FALSE
Doug Collins,East,NBA,1977,FALSE,FALSE
Dave Cowens,East,NBA,1977,TRUE,TRUE
Julius Erving,East,NBA,1977,FALSE,TRUE
George Gervin,East,NBA,1977,FALSE,TRUE
John Havlicek,East,NBA,1977,FALSE,TRUE
Elvin Hayes,East,NBA,1977,FALSE,TRUE
Pete Maravich,East,NBA,1977,FALSE,TRUE
Bob McAdoo,East,NBA,1977,FALSE,TRUE
George McGinnis,East,NBA,1977,FALSE,TRUE
Earl Monroe,East,NBA,1977,FALSE,TRUE
Rudy Tomjanovich,East,NBA,1977,FALSE,TRUE
Jo Jo White,East,NBA,1977,FALSE,TRUE
Kareem Abdul-Jabbar,West,NBA,1977,FALSE,TRUE
Rick Barry,West,NBA,1977,FALSE,TRUE
Don Buse,West,NBA,1977,FALSE,FALSE
Dan Issel,West,NBA,1977,FALSE,TRUE
Bobby Jones,West,NBA,1977,FALSE,TRUE
Billy Knight,West,NBA,1977,FALSE,FALSE
Bob Lanier,West,NBA,1977,FALSE,TRUE
Maurice Lucas,West,NBA,1977,FALSE,FALSE
Phil Smith,West,NBA,1977,FALSE,FALSE
David Thompson,West,NBA,1977,FALSE,TRUE
Norm Van Lier,West,NBA,1977,FALSE,FALSE
Bill Walton,West,NBA,1977,TRUE,TRUE
Paul Westphal,West,NBA,1977,FALSE,TRUE
Dave Bing,East,NBA,1976,FALSE,TRUE
Doug Collins,East,NBA,1976,FALSE,FALSE
Dave Cowens,East,NBA,1976,FALSE,TRUE
John Drew,East,NBA,1976,FALSE,FALSE
Walt Frazier,East,NBA,1976,FALSE,TRUE
John Havlicek,East,NBA,1976,FALSE,TRUE
Elvin Hayes,East,NBA,1976,FALSE,TRUE
Bob McAdoo,East,NBA,1976,FALSE,TRUE
George McGinnis,East,NBA,1976,FALSE,TRUE
Randy Smith,East,NBA,1976,FALSE,FALSE
Rudy Tomjanovich,East,NBA,1976,FALSE,TRUE
Jo Jo White,East,NBA,1976,FALSE,TRUE
Kareem Abdul-Jabbar,West,NBA,1976,FALSE,TRUE
Alvan Adams,West,NBA,1976,FALSE,FALSE
Tiny Archibald,West,NBA,1976,FALSE,TRUE
Rick Barry,West,NBA,1976,FALSE,TRUE
Fred Brown,West,NBA,1976,FALSE,FALSE
Bob Dandridge,West,NBA,1976,FALSE,TRUE
Curtis Rowe,West,NBA,1976,FALSE,FALSE
Phil Smith,West,NBA,1976,FALSE,FALSE
Norm Van Lier,West,NBA,1976,FALSE,FALSE
Scott Wedman,West,NBA,1976,FALSE,FALSE
Jamaal Wilkes,West,NBA,1976,FALSE,TRUE
Brian Winters,West,NBA,1976,FALSE,FALSE
Phil Chenier,East,NBA,1975,FALSE,FALSE
Dave Cowens,East,NBA,1975,FALSE,TRUE
Walt Frazier,East,NBA,1975,FALSE,TRUE
John Havlicek,East,NBA,1975,FALSE,TRUE
Elvin Hayes,East,NBA,1975,FALSE,TRUE
Bob McAdoo,East,NBA,1975,FALSE,TRUE
Steve Mix,East,NBA,1975,FALSE,FALSE
Earl Monroe,East,NBA,1975,FALSE,TRUE
Paul Silas,East,NBA,1975,FALSE,FALSE
Rudy Tomjanovich,East,NBA,1975,FALSE,TRUE
Wes Unseld,East,NBA,1975,FALSE,TRUE
Jo Jo White,East,NBA,1975,FALSE,TRUE
Kareem Abdul-Jabbar,West,NBA,1975,FALSE,TRUE
Tiny Archibald,West,NBA,1975,FALSE,TRUE
Rick Barry,West,NBA,1975,FALSE,TRUE
Dave Bing,West,NBA,1975,FALSE,TRUE
Bob Dandridge,West,NBA,1975,FALSE,TRUE
Gail Goodrich,West,NBA,1975,FALSE,TRUE
Spencer Haywood,West,NBA,1975,FALSE,TRUE
Sam Lacey,West,NBA,1975,FALSE,FALSE
Bob Lanier,West,NBA,1975,FALSE,TRUE
Jim Price,West,NBA,1975,FALSE,FALSE
Charlie Scott,West,NBA,1975,FALSE,TRUE
Sidney Wicks,West,NBA,1975,FALSE,FALSE
Austin Carr,East,NBA,1974,FALSE,FALSE
Phil Chenier,East,NBA,1974,FALSE,FALSE
Dave Cowens,East,NBA,1974,FALSE,TRUE
Dave DeBusschere,East,NBA,1974,FALSE,TRUE
Walt Frazier,East,NBA,1974,FALSE,TRUE
John Havlicek,East,NBA,1974,FALSE,TRUE
Elvin Hayes,East,NBA,1974,FALSE,TRUE
Lou Hudson,East,NBA,1974,FALSE,FALSE
Pete Maravich,East,NBA,1974,FALSE,TRUE
Bob McAdoo,East,NBA,1974,FALSE,TRUE
Rudy Tomjanovich,East,NBA,1974,FALSE,TRUE
Jo Jo White,East,NBA,1974,FALSE,TRUE
Kareem Abdul-Jabbar,West,NBA,1974,FALSE,TRUE
Rick Barry,West,NBA,1974,FALSE,TRUE
Dave Bing,West,NBA,1974,FALSE,TRUE
Gail Goodrich,West,NBA,1974,FALSE,TRUE
Spencer Haywood,West,NBA,1974,FALSE,TRUE
Bob Lanier,West,NBA,1974,FALSE,TRUE
Geoff Petrie,West,NBA,1974,FALSE,FALSE
Charlie Scott,West,NBA,1974,FALSE,TRUE
Nate Thurmond,West,NBA,1974,FALSE,TRUE
Norm Van Lier,West,NBA,1974,FALSE,FALSE
Chet Walker,West,NBA,1974,FALSE,TRUE
Jerry West,West,NBA,1974,TRUE,TRUE
Sidney Wicks,West,NBA,1974,FALSE,FALSE
John Block,East,NBA,1973,FALSE,FALSE
Bill Bradley,East,NBA,1973,FALSE,TRUE
Dave Cowens,East,NBA,1973,FALSE,TRUE
Dave DeBusschere,East,NBA,1973,FALSE,TRUE
Walt Frazier,East,NBA,1973,FALSE,TRUE
John Havlicek,East,NBA,1973,FALSE,TRUE
Elvin Hayes,East,NBA,1973,FALSE,TRUE
Lou Hudson,East,NBA,1973,FALSE,FALSE
Bob Kauffman,East,NBA,1973,FALSE,FALSE
Pete Maravich,East,NBA,1973,FALSE,TRUE
Jack Marin,East,NBA,1973,FALSE,FALSE
Wes Unseld,East,NBA,1973,FALSE,TRUE
Jo Jo White,East,NBA,1973,FALSE,TRUE
Lenny Wilkens,East,NBA,1973,FALSE,TRUE
Kareem Abdul-Jabbar,West,NBA,1973,TRUE,TRUE
Tiny Archibald,West,NBA,1973,FALSE,TRUE
Rick Barry,West,NBA,1973,TRUE,TRUE
Dave Bing,West,NBA,1973,FALSE,TRUE
Wilt Chamberlain,West,NBA,1973,FALSE,TRUE
Bob Dandridge,West,NBA,1973,FALSE,TRUE
Gail Goodrich,West,NBA,1973,FALSE,TRUE
Connie Hawkins,West,NBA,1973,FALSE,TRUE
Spencer Haywood,West,NBA,1973,FALSE,TRUE
Bob Lanier,West,NBA,1973,FALSE,TRUE
Bob Love,West,NBA,1973,FALSE,FALSE
Charlie Scott,West,NBA,1973,FALSE,TRUE
Nate Thurmond,West,NBA,1973,FALSE,TRUE
Chet Walker,West,NBA,1973,FALSE,TRUE
Jerry West,West,NBA,1973,FALSE,TRUE
Sidney Wicks,West,NBA,1973,FALSE,FALSE
Butch Beard,East,NBA,1972,FALSE,FALSE
Archie Clark,East,NBA,1972,FALSE,FALSE
Dave Cowens,East,NBA,1972,FALSE,TRUE
Billy Cunningham,East,NBA,1972,FALSE,TRUE
Dave DeBusschere,East,NBA,1972,FALSE,TRUE
Walt Frazier,East,NBA,1972,FALSE,TRUE
John Havlicek,East,NBA,1972,FALSE,TRUE
Lou Hudson,East,NBA,1972,FALSE,FALSE
John Johnson,East,NBA,1972,FALSE,FALSE
Bob Kauffman,East,NBA,1972,FALSE,FALSE
Jack Marin,East,NBA,1972,FALSE,FALSE
Wes Unseld,East,NBA,1972,FALSE,TRUE
Tom Van Arsdale,East,NBA,1972,FALSE,FALSE
Jo Jo White,East,NBA,1972,FALSE,TRUE
Kareem Abdul-Jabbar,West,NBA,1972,FALSE,TRUE
Wilt Chamberlain,West,NBA,1972,FALSE,TRUE
Gail Goodrich,West,NBA,1972,FALSE,TRUE
Connie Hawkins,West,NBA,1972,FALSE,TRUE
Elvin Hayes,West,NBA,1972,FALSE,TRUE
Spencer Haywood,West,NBA,1972,FALSE,TRUE
Bob Lanier,West,NBA,1972,FALSE,TRUE
Bob Love,West,NBA,1972,FALSE,FALSE
Oscar Robertson,West,NBA,1972,FALSE,TRUE
Cazzie Russell,West,NBA,1972,FALSE,FALSE
Paul Silas,West,NBA,1972,FALSE,FALSE
Jimmy Walker,West,NBA,1972,FALSE,FALSE
Jerry West,West,NBA,1972,FALSE,TRUE
Sidney Wicks,West,NBA,1972,FALSE,FALSE
Billy Cunningham,East,NBA,1971,FALSE,TRUE
Dave DeBusschere,East,NBA,1971,FALSE,TRUE
Walt Frazier,East,NBA,1971,FALSE,TRUE
Johnny Green,East,NBA,1971,FALSE,FALSE
John Havlicek,East,NBA,1971,FALSE,TRUE
Lou Hudson,East,NBA,1971,FALSE,FALSE
Gus Johnson,East,NBA,1971,FALSE,TRUE
John Johnson,East,NBA,1971,FALSE,FALSE
Bob Kauffman,East,NBA,1971,FALSE,FALSE
Earl Monroe,East,NBA,1971,FALSE,TRUE
Willis Reed,East,NBA,1971,FALSE,TRUE
Wes Unseld,East,NBA,1971,FALSE,TRUE
Tom Van Arsdale,East,NBA,1971,FALSE,FALSE
Jo Jo White,East,NBA,1971,FALSE,TRUE
Kareem Abdul-Jabbar,West,NBA,1971,FALSE,TRUE
Dave Bing,West,NBA,1971,FALSE,TRUE
Wilt Chamberlain,West,NBA,1971,FALSE,TRUE
Connie Hawkins,West,NBA,1971,FALSE,TRUE
Elvin Hayes,West,NBA,1971,FALSE,TRUE
Bob Love,West,NBA,1971,FALSE,FALSE
Jerry Lucas,West,NBA,1971,FALSE,TRUE
Jeff Mullins,West,NBA,1971,FALSE,FALSE
Geoff Petrie,West,NBA,1971,FALSE,FALSE
Oscar Robertson,West,NBA,1971,FALSE,TRUE
Dick Van Arsdale,West,NBA,1971,FALSE,FALSE
Chet Walker,West,NBA,1971,FALSE,TRUE
Jerry West,West,NBA,1971,FALSE,TRUE
Lenny Wilkens,West,NBA,1971,FALSE,TRUE
Kareem Abdul-Jabbar,East,NBA,1970,FALSE,TRUE
Billy Cunningham,East,NBA,1970,FALSE,TRUE
Dave DeBusschere,East,NBA,1970,FALSE,TRUE
Walt Frazier,East,NBA,1970,FALSE,TRUE
Hal Greer,East,NBA,1970,FALSE,TRUE
John Havlicek,East,NBA,1970,FALSE,TRUE
Gus Johnson,East,NBA,1970,FALSE,TRUE
Willis Reed,East,NBA,1970,FALSE,TRUE
Oscar Robertson,East,NBA,1970,FALSE,TRUE
Flynn Robinson,East,NBA,1970,FALSE,FALSE
Tom Van Arsdale,East,NBA,1970,FALSE,FALSE
Jimmy Walker,East,NBA,1970,FALSE,FALSE
Elgin Baylor,West,NBA,1970,FALSE,TRUE
Bill Bridges,West,NBA,1970,FALSE,FALSE
Joe Caldwell,West,NBA,1970,FALSE,FALSE
Connie Hawkins,West,NBA,1970,FALSE,TRUE
Elvin Hayes,West,NBA,1970,FALSE,TRUE
Lou Hudson,West,NBA,1970,FALSE,FALSE
Jeff Mullins,West,NBA,1970,FALSE,FALSE
Bob Rule,West,NBA,1970,FALSE,FALSE
Nate Thurmond,West,NBA,1970,TRUE,TRUE
Dick Van Arsdale,West,NBA,1970,FALSE,FALSE
Chet Walker,West,NBA,1970,FALSE,TRUE
Jerry West,West,NBA,1970,FALSE,TRUE
Lenny Wilkens,West,NBA,1970,FALSE,TRUE
Dave Bing,East,NBA,1969,FALSE,TRUE
Billy Cunningham,East,NBA,1969,FALSE,TRUE
Hal Greer,East,NBA,1969,FALSE,TRUE
John Havlicek,East,NBA,1969,FALSE,TRUE
Gus Johnson,East,NBA,1969,FALSE,TRUE
Jerry Lucas,East,NBA,1969,FALSE,TRUE
Jon McGlocklin,East,NBA,1969,FALSE,FALSE
Earl Monroe,East,NBA,1969,FALSE,TRUE
Willis Reed,East,NBA,1969,FALSE,TRUE
Oscar Robertson,East,NBA,1969,FALSE,TRUE
Bill Russell,East,NBA,1969,FALSE,TRUE
Wes Unseld,East,NBA,1969,FALSE,TRUE
Elgin Baylor,West,NBA,1969,FALSE,TRUE
Joe Caldwell,West,NBA,1969,FALSE,FALSE
Wilt Chamberlain,West,NBA,1969,FALSE,TRUE
Gail Goodrich,West,NBA,1969,FALSE,TRUE
Elvin Hayes,West,NBA,1969,FALSE,TRUE
Lou Hudson,West,NBA,1969,FALSE,FALSE
Don Kojis,West,NBA,1969,FALSE,FALSE
Rudy LaRusso,West,NBA,1969,FALSE,FALSE
Jeff Mullins,West,NBA,1969,FALSE,FALSE
Jerry Sloan,West,NBA,1969,FALSE,TRUE
Dick Van Arsdale,West,NBA,1969,FALSE,FALSE
Jerry West,West,NBA,1969,TRUE,TRUE
Lenny Wilkens,West,NBA,1969,FALSE,TRUE
Dick Barnett,East,NBA,1968,FALSE,FALSE
Dave Bing,East,NBA,1968,FALSE,TRUE
Wilt Chamberlain,East,NBA,1968,FALSE,TRUE
Dave DeBusschere,East,NBA,1968,FALSE,TRUE
Hal Greer,East,NBA,1968,FALSE,TRUE
John Havlicek,East,NBA,1968,FALSE,TRUE
Gus Johnson,East,NBA,1968,FALSE,TRUE
Sam Jones,East,NBA,1968,FALSE,TRUE
Jerry Lucas,East,NBA,1968,FALSE,TRUE
Willis Reed,East,NBA,1968,FALSE,TRUE
Oscar Robertson,East,NBA,1968,FALSE,TRUE
Bill Russell,East,NBA,1968,FALSE,TRUE
Walt Hazzard,West,NBA,1968,FALSE,FALSE
Elgin Baylor,West,NBA,1968,FALSE,TRUE
Zelmo Beaty,West,NBA,1968,FALSE,TRUE
Bob Boozer,West,NBA,1968,FALSE,FALSE
Bill Bridges,West,NBA,1968,FALSE,FALSE
Archie Clark,West,NBA,1968,FALSE,FALSE
Jim King,West,NBA,1968,FALSE,FALSE
Don Kojis,West,NBA,1968,FALSE,FALSE
Rudy LaRusso,West,NBA,1968,FALSE,FALSE
Clyde Lee,West,NBA,1968,FALSE,FALSE
Nate Thurmond,West,NBA,1968,TRUE,TRUE
Jerry West,West,NBA,1968,FALSE,TRUE
Lenny Wilkens,West,NBA,1968,FALSE,TRUE
Wilt Chamberlain,East,NBA,1967,FALSE,TRUE
Hal Greer,East,NBA,1967,FALSE,TRUE
John Havlicek,East,NBA,1967,FALSE,TRUE
Bailey Howell,East,NBA,1967,FALSE,TRUE
Jerry Lucas,East,NBA,1967,FALSE,TRUE
Don Ohl,East,NBA,1967,FALSE,FALSE
Willis Reed,East,NBA,1967,FALSE,TRUE
Oscar Robertson,East,NBA,1967,FALSE,TRUE
Bill Russell,East,NBA,1967,FALSE,TRUE
Chet Walker,East,NBA,1967,FALSE,TRUE
Rick Barry,West,NBA,1967,FALSE,TRUE
Elgin Baylor,West,NBA,1967,FALSE,TRUE
Bill Bridges,West,NBA,1967,FALSE,FALSE
Dave DeBusschere,West,NBA,1967,FALSE,TRUE
Darrall Imhoff,West,NBA,1967,FALSE,FALSE
Guy Rodgers,West,NBA,1967,FALSE,TRUE
Jerry Sloan,West,NBA,1967,FALSE,TRUE
Nate Thurmond,West,NBA,1967,FALSE,TRUE
Jerry West,West,NBA,1967,FALSE,TRUE
Lenny Wilkens,West,NBA,1967,FALSE,TRUE
Wilt Chamberlain,East,NBA,1966,FALSE,TRUE
Hal Greer,East,NBA,1966,FALSE,TRUE
John Havlicek,East,NBA,1966,FALSE,TRUE
Sam Jones,East,NBA,1966,FALSE,TRUE
Jerry Lucas,East,NBA,1966,FALSE,TRUE
Willis Reed,East,NBA,1966,FALSE,TRUE
Oscar Robertson,East,NBA,1966,FALSE,TRUE
Bill Russell,East,NBA,1966,FALSE,TRUE
Adrian Smith,East,NBA,1966,FALSE,FALSE
Chet Walker,East,NBA,1966,FALSE,TRUE
Rick Barry,West,NBA,1966,FALSE,TRUE
Zelmo Beaty,West,NBA,1966,FALSE,TRUE
Dave DeBusschere,West,NBA,1966,FALSE,TRUE
Bailey Howell,West,NBA,1966,FALSE,TRUE
Rudy LaRusso,West,NBA,1966,FALSE,FALSE
Eddie Miles,West,NBA,1966,FALSE,FALSE
Don Ohl,West,NBA,1966,FALSE,FALSE
Guy Rodgers,West,NBA,1966,FALSE,TRUE
Nate Thurmond,West,NBA,1966,FALSE,TRUE
Jerry West,West,NBA,1966,FALSE,TRUE
Larry Costello,East,NBA,1965,FALSE,FALSE
Wayne Embry,East,NBA,1965,FALSE,TRUE
Johnny Green,East,NBA,1965,FALSE,FALSE
Hal Greer,East,NBA,1965,FALSE,TRUE
Tom Heinsohn,East,NBA,1965,TRUE,TRUE
Luke Jackson,East,NBA,1965,FALSE,FALSE
Sam Jones,East,NBA,1965,FALSE,TRUE
Jerry Lucas,East,NBA,1965,FALSE,TRUE
Willis Reed,East,NBA,1965,FALSE,TRUE
Oscar Robertson,East,NBA,1965,FALSE,TRUE
Bill Russell,East,NBA,1965,FALSE,TRUE
Elgin Baylor,West,NBA,1965,FALSE,TRUE
Walt Bellamy,West,NBA,1965,FALSE,TRUE
Wilt Chamberlain,West,NBA,1965,FALSE,TRUE
Terry Dischinger,West,NBA,1965,FALSE,FALSE
Gus Johnson,West,NBA,1965,FALSE,TRUE
Don Ohl,West,NBA,1965,FALSE,FALSE
Bob Pettit,West,NBA,1965,FALSE,TRUE
Nate Thurmond,West,NBA,1965,FALSE,TRUE
Jerry West,West,NBA,1965,FALSE,TRUE
Lenny Wilkens,West,NBA,1965,FALSE,TRUE
Len Chappell,East,NBA,1964,FALSE,FALSE
Wayne Embry,East,NBA,1964,FALSE,TRUE
Tom Gola,East,NBA,1964,FALSE,TRUE
Hal Greer,East,NBA,1964,FALSE,TRUE
Tom Heinsohn,East,NBA,1964,FALSE,TRUE
Sam Jones,East,NBA,1964,FALSE,TRUE
Jerry Lucas,East,NBA,1964,FALSE,TRUE
Oscar Robertson,East,NBA,1964,FALSE,TRUE
Bill Russell,East,NBA,1964,FALSE,TRUE
Chet Walker,East,NBA,1964,FALSE,TRUE
Elgin Baylor,West,NBA,1964,FALSE,TRUE
Walt Bellamy,West,NBA,1964,FALSE,TRUE
Wilt Chamberlain,West,NBA,1964,FALSE,TRUE
Terry Dischinger,West,NBA,1964,FALSE,FALSE
Bailey Howell,West,NBA,1964,FALSE,TRUE
Don Ohl,West,NBA,1964,FALSE,FALSE
Bob Pettit,West,NBA,1964,FALSE,TRUE
Guy Rodgers,West,NBA,1964,FALSE,TRUE
Jerry West,West,NBA,1964,FALSE,TRUE
Lenny Wilkens,West,NBA,1964,FALSE,TRUE
Bob Cousy,East,NBA,1963,FALSE,TRUE
Wayne Embry,East,NBA,1963,TRUE,TRUE
Tom Gola,East,NBA,1963,FALSE,TRUE
Johnny Green,East,NBA,1963,FALSE,FALSE
Hal Greer,East,NBA,1963,FALSE,TRUE
Richie Guerin,East,NBA,1963,FALSE,TRUE
Tom Heinsohn,East,NBA,1963,FALSE,TRUE
Red Kerr,East,NBA,1963,FALSE,FALSE
Oscar Robertson,East,NBA,1963,FALSE,TRUE
Bill Russell,East,NBA,1963,FALSE,TRUE
Lee Shaffer,East,NBA,1963,FALSE,FALSE
Jack Twyman,East,NBA,1963,FALSE,TRUE
Elgin Baylor,West,NBA,1963,FALSE,TRUE
Walt Bellamy,West,NBA,1963,FALSE,TRUE
Wilt Chamberlain,West,NBA,1963,FALSE,TRUE
Terry Dischinger,West,NBA,1963,FALSE,FALSE
Bailey Howell,West,NBA,1963,FALSE,TRUE
Rudy LaRusso,West,NBA,1963,FALSE,FALSE
Tom Meschery,West,NBA,1963,FALSE,FALSE
Don Ohl,West,NBA,1963,FALSE,FALSE
Bob Pettit,West,NBA,1963,FALSE,TRUE
Guy Rodgers,West,NBA,1963,FALSE,TRUE
Jerry West,West,NBA,1963,FALSE,TRUE
Lenny Wilkens,West,NBA,1963,FALSE,TRUE
Paul Arizin,East,NBA,1962,FALSE,TRUE
Wilt Chamberlain,East,NBA,1962,FALSE,TRUE
Larry Costello,East,NBA,1962,TRUE,FALSE
Bob Cousy,East,NBA,1962,FALSE,TRUE
Tom Gola,East,NBA,1962,TRUE,TRUE
Johnny Green,East,NBA,1962,FALSE,FALSE
Hal Greer,East,NBA,1962,FALSE,TRUE
Richie Guerin,East,NBA,1962,FALSE,TRUE
Tom Heinsohn,East,NBA,1962,FALSE,TRUE
Sam Jones,East,NBA,1962,FALSE,TRUE
Willie Naulls,East,NBA,1962,FALSE,FALSE
Bill Russell,East,NBA,1962,FALSE,TRUE
Dolph Schayes,East,NBA,1962,FALSE,TRUE
Elgin Baylor,West,NBA,1962,FALSE,TRUE
Walt Bellamy,West,NBA,1962,FALSE,TRUE
Wayne Embry,West,NBA,1962,FALSE,TRUE
Cliff Hagan,West,NBA,1962,FALSE,TRUE
Bailey Howell,West,NBA,1962,FALSE,TRUE
Rudy LaRusso,West,NBA,1962,TRUE,FALSE
Bob Pettit,West,NBA,1962,FALSE,TRUE
Oscar Robertson,West,NBA,1962,FALSE,TRUE
Frank Selvy,West,NBA,1962,FALSE,FALSE
Gene Shue,West,NBA,1962,FALSE,FALSE
Jack Twyman,West,NBA,1962,FALSE,TRUE
Jerry West,West,NBA,1962,FALSE,TRUE
Paul Arizin,East,NBA,1961,FALSE,TRUE
Wilt Chamberlain,East,NBA,1961,FALSE,TRUE
Larry Costello,East,NBA,1961,FALSE,FALSE
Bob Cousy,East,NBA,1961,FALSE,TRUE
Tom Gola,East,NBA,1961,FALSE,TRUE
Hal Greer,East,NBA,1961,FALSE,TRUE
Richie Guerin,East,NBA,1961,FALSE,TRUE
Tom Heinsohn,East,NBA,1961,FALSE,TRUE
Willie Naulls,East,NBA,1961,FALSE,FALSE
Bill Russell,East,NBA,1961,FALSE,TRUE
Dolph Schayes,East,NBA,1961,FALSE,TRUE
Elgin Baylor,West,NBA,1961,FALSE,TRUE
Walter Dukes,West,NBA,1961,FALSE,FALSE
Wayne Embry,West,NBA,1961,FALSE,TRUE
Cliff Hagan,West,NBA,1961,FALSE,TRUE
Bailey Howell,West,NBA,1961,FALSE,TRUE
Hot Rod Hundley,West,NBA,1961,FALSE,FALSE
Clyde Lovellette,West,NBA,1961,FALSE,TRUE
Bob Pettit,West,NBA,1961,FALSE,TRUE
Oscar Robertson,West,NBA,1961,FALSE,TRUE
Gene Shue,West,NBA,1961,FALSE,FALSE
Jerry West,West,NBA,1961,FALSE,TRUE
Paul Arizin,East,NBA,1960,TRUE,TRUE
Wilt Chamberlain,East,NBA,1960,FALSE,TRUE
Larry Costello,East,NBA,1960,FALSE,FALSE
Bob Cousy,East,NBA,1960,FALSE,TRUE
Tom Gola,East,NBA,1960,FALSE,TRUE
Richie Guerin,East,NBA,1960,FALSE,TRUE
Willie Naulls,East,NBA,1960,FALSE,FALSE
Bill Russell,East,NBA,1960,FALSE,TRUE
Dolph Schayes,East,NBA,1960,FALSE,TRUE
Bill Sharman,East,NBA,1960,FALSE,TRUE
George Yardley,East,NBA,1960,FALSE,TRUE
Elgin Baylor,West,NBA,1960,FALSE,TRUE
Walter Dukes,West,NBA,1960,FALSE,FALSE
Dick Garmaker,West,NBA,1960,FALSE,FALSE
Cliff Hagan,West,NBA,1960,FALSE,TRUE
Hot Rod Hundley,West,NBA,1960,FALSE,FALSE
Clyde Lovellette,West,NBA,1960,FALSE,TRUE
Chuck Noble,West,NBA,1960,FALSE,FALSE
Bob Pettit,West,NBA,1960,FALSE,TRUE
Gene Shue,West,NBA,1960,FALSE,FALSE
Jack Twyman,West,NBA,1960,FALSE,TRUE
Paul Arizin,East,NBA,1959,FALSE,TRUE
Larry Costello,East,NBA,1959,FALSE,FALSE
Bob Cousy,East,NBA,1959,FALSE,TRUE
Richie Guerin,East,NBA,1959,FALSE,TRUE
Red Kerr,East,NBA,1959,FALSE,FALSE
Bill Russell,East,NBA,1959,FALSE,TRUE
Woody Sauldsberry,East,NBA,1959,FALSE,FALSE
Dolph Schayes,East,NBA,1959,FALSE,TRUE
Kenny Sears,East,NBA,1959,FALSE,FALSE
Bill Sharman,East,NBA,1959,FALSE,TRUE
Elgin Baylor,West,NBA,1959,FALSE,TRUE
Larry Foust,West,NBA,1959,FALSE,FALSE
Dick Garmaker,West,NBA,1959,FALSE,FALSE
Cliff Hagan,West,NBA,1959,FALSE,TRUE
Slater Martin,West,NBA,1959,FALSE,TRUE
Dick McGuire,West,NBA,1959,FALSE,TRUE
Bob Pettit,West,NBA,1959,FALSE,TRUE
Gene Shue,West,NBA,1959,FALSE,FALSE
Jack Twyman,West,NBA,1959,FALSE,TRUE
George Yardley,West,NBA,1959,FALSE,TRUE
Paul Arizin,East,NBA,1958,FALSE,TRUE
Larry Costello,East,NBA,1958,FALSE,FALSE
Bob Cousy,East,NBA,1958,FALSE,TRUE
Richie Guerin,East,NBA,1958,FALSE,TRUE
Neil Johnston,East,NBA,1958,FALSE,TRUE
Willie Naulls,East,NBA,1958,FALSE,FALSE
Bill Russell,East,NBA,1958,FALSE,TRUE
Dolph Schayes,East,NBA,1958,FALSE,TRUE
Kenny Sears,East,NBA,1958,FALSE,FALSE
Bill Sharman,East,NBA,1958,FALSE,TRUE
Larry Foust,West,NBA,1958,FALSE,FALSE
Dick Garmaker,West,NBA,1958,FALSE,FALSE
Cliff Hagan,West,NBA,1958,TRUE,TRUE
Slater Martin,West,NBA,1958,FALSE,TRUE
Dick McGuire,West,NBA,1958,FALSE,TRUE
Bob Pettit,West,NBA,1958,FALSE,TRUE
Gene Shue,West,NBA,1958,FALSE,FALSE
Maurice Stokes,West,NBA,1958,FALSE,TRUE
Jack Twyman,West,NBA,1958,FALSE,TRUE
George Yardley,West,NBA,1958,FALSE,TRUE
Paul Arizin,East,NBA,1957,FALSE,TRUE
Carl Braun,East,NBA,1957,FALSE,TRUE
Nat Clifton,East,NBA,1957,FALSE,TRUE
Bob Cousy,East,NBA,1957,FALSE,TRUE
Harry Gallatin,East,NBA,1957,FALSE,TRUE
Jack George,East,NBA,1957,FALSE,FALSE
Tom Heinsohn,East,NBA,1957,FALSE,TRUE
Neil Johnston,East,NBA,1957,FALSE,TRUE
Dolph Schayes,East,NBA,1957,FALSE,TRUE
Bill Sharman,East,NBA,1957,FALSE,TRUE
Dick Garmaker,West,NBA,1957,FALSE,FALSE
Mel Hutchins,West,NBA,1957,FALSE,FALSE
Clyde Lovellette,West,NBA,1957,TRUE,TRUE
Ed Macauley,West,NBA,1957,FALSE,TRUE
Slater Martin,West,NBA,1957,FALSE,TRUE
Vern Mikkelsen,West,NBA,1957,FALSE,TRUE
Bob Pettit,West,NBA,1957,FALSE,TRUE
Richie Regan,West,NBA,1957,FALSE,FALSE
Maurice Stokes,West,NBA,1957,FALSE,TRUE
Jack Twyman,West,NBA,1957,FALSE,TRUE
George Yardley,West,NBA,1957,FALSE,TRUE
Paul Arizin,East,NBA,1956,FALSE,TRUE
Carl Braun,East,NBA,1956,TRUE,TRUE
Bob Cousy,East,NBA,1956,FALSE,TRUE
Harry Gallatin,East,NBA,1956,FALSE,TRUE
Jack George,East,NBA,1956,FALSE,FALSE
Neil Johnston,East,NBA,1956,FALSE,TRUE
Red Kerr,East,NBA,1956,FALSE,FALSE
Ed Macauley,East,NBA,1956,FALSE,TRUE
Dick McGuire,East,NBA,1956,FALSE,TRUE
Dolph Schayes,East,NBA,1956,FALSE,TRUE
Bill Sharman,East,NBA,1956,FALSE,TRUE
Larry Foust,West,NBA,1956,FALSE,FALSE
Bob Harrison,West,NBA,1956,FALSE,FALSE
Mel Hutchins,West,NBA,1956,FALSE,FALSE
Clyde Lovellette,West,NBA,1956,FALSE,TRUE
Slater Martin,West,NBA,1956,FALSE,TRUE
Vern Mikkelsen,West,NBA,1956,FALSE,TRUE
Bob Pettit,West,NBA,1956,FALSE,TRUE
Maurice Stokes,West,NBA,1956,FALSE,TRUE
Bobby Wanzer,West,NBA,1956,FALSE,TRUE
George Yardley,West,NBA,1956,FALSE,TRUE
Paul Arizin,East,NBA,1955,FALSE,TRUE
Carl Braun,East,NBA,1955,FALSE,TRUE
Bob Cousy,East,NBA,1955,FALSE,TRUE
Harry Gallatin,East,NBA,1955,FALSE,TRUE
Neil Johnston,East,NBA,1955,FALSE,TRUE
Ed Macauley,East,NBA,1955,FALSE,TRUE
Dick McGuire,East,NBA,1955,FALSE,TRUE
Dolph Schayes,East,NBA,1955,FALSE,TRUE
Paul Seymour,East,NBA,1955,FALSE,FALSE
Bill Sharman,East,NBA,1955,FALSE,TRUE
Jack Coleman,West,NBA,1955,FALSE,FALSE
Larry Foust,West,NBA,1955,FALSE,FALSE
Slater Martin,West,NBA,1955,FALSE,TRUE
Vern Mikkelsen,West,NBA,1955,FALSE,TRUE
Bob Pettit,West,NBA,1955,FALSE,TRUE
Andy Phillip,West,NBA,1955,FALSE,TRUE
Jim Pollard,West,NBA,1955,FALSE,TRUE
Arnie Risen,West,NBA,1955,TRUE,TRUE
Frank Selvy,West,NBA,1955,FALSE,FALSE
Bobby Wanzer,West,NBA,1955,FALSE,TRUE
George Yardley,West,NBA,1955,FALSE,TRUE
Carl Braun,East,NBA,1954,FALSE,TRUE
Bob Cousy,East,NBA,1954,FALSE,TRUE
Ray Felix,East,NBA,1954,FALSE,FALSE
Harry Gallatin,East,NBA,1954,FALSE,TRUE
Neil Johnston,East,NBA,1954,FALSE,TRUE
Ed Macauley,East,NBA,1954,FALSE,TRUE
Dick McGuire,East,NBA,1954,FALSE,TRUE
Dolph Schayes,East,NBA,1954,FALSE,TRUE
Paul Seymour,East,NBA,1954,FALSE,FALSE
Bill Sharman,East,NBA,1954,FALSE,TRUE
Bob Davies,West,NBA,1954,FALSE,TRUE
Larry Foust,West,NBA,1954,FALSE,FALSE
Mel Hutchins,West,NBA,1954,FALSE,FALSE
Slater Martin,West,NBA,1954,FALSE,TRUE
George Mikan,West,NBA,1954,FALSE,TRUE
Jack Molinas,West,NBA,1954,TRUE,FALSE
Andy Phillip,West,NBA,1954,FALSE,TRUE
Jim Pollard,West,NBA,1954,FALSE,TRUE
Arnie Risen,West,NBA,1954,FALSE,TRUE
Don Sunderlage,West,NBA,1954,FALSE,FALSE
Bobby Wanzer,West,NBA,1954,FALSE,TRUE
Don Barksdale,East,NBA,1953,FALSE,TRUE
Carl Braun,East,NBA,1953,FALSE,TRUE
Bob Cousy,East,NBA,1953,FALSE,TRUE
Bill Gabor,East,NBA,1953,FALSE,FALSE
Harry Gallatin,East,NBA,1953,FALSE,TRUE
Neil Johnston,East,NBA,1953,FALSE,TRUE
Ed Macauley,East,NBA,1953,FALSE,TRUE
Dolph Schayes,East,NBA,1953,FALSE,TRUE
Fred Scolari,East,NBA,1953,TRUE,FALSE
Paul Seymour,East,NBA,1953,FALSE,FALSE
Bill Sharman,East,NBA,1953,FALSE,TRUE
Leo Barnhorst,West,NBA,1953,FALSE,FALSE
Bob Davies,West,NBA,1953,FALSE,TRUE
Larry Foust,West,NBA,1953,FALSE,FALSE
Mel Hutchins,West,NBA,1953,FALSE,FALSE
Slater Martin,West,NBA,1953,FALSE,TRUE
George Mikan,West,NBA,1953,FALSE,TRUE
Vern Mikkelsen,West,NBA,1953,FALSE,TRUE
Andy Phillip,West,NBA,1953,FALSE,TRUE
Arnie Risen,West,NBA,1953,FALSE,TRUE
Bobby Wanzer,West,NBA,1953,FALSE,TRUE
Paul Arizin,East,NBA,1952,FALSE,TRUE
Bob Cousy,East,NBA,1952,FALSE,TRUE
Joe Fulks,East,NBA,1952,FALSE,TRUE
Harry Gallatin,East,NBA,1952,FALSE,TRUE
Ed Macauley,East,NBA,1952,FALSE,TRUE
Dick McGuire,East,NBA,1952,FALSE,TRUE
Andy Phillip,East,NBA,1952,FALSE,TRUE
Red Rocha,East,NBA,1952,FALSE,FALSE
Dolph Schayes,East,NBA,1952,TRUE,TRUE
Fred Scolari,East,NBA,1952,FALSE,FALSE
Max Zaslofsky,East,NBA,1952,FALSE,FALSE
Leo Barnhorst,West,NBA,1952,FALSE,FALSE
Frankie Brian,West,NBA,1952,FALSE,FALSE
Bob Davies,West,NBA,1952,FALSE,TRUE
Dike Eddleman,West,NBA,1952,FALSE,FALSE
Larry Foust,West,NBA,1952,TRUE,FALSE
George Mikan,West,NBA,1952,FALSE,TRUE
Vern Mikkelsen,West,NBA,1952,FALSE,TRUE
Jim Pollard,West,NBA,1952,FALSE,TRUE
Arnie Risen,West,NBA,1952,FALSE,TRUE
Paul Walther,West,NBA,1952,FALSE,FALSE
Bobby Wanzer,West,NBA,1952,FALSE,TRUE
Paul Arizin,East,NBA,1951,FALSE,TRUE
Vince Boryla,East,NBA,1951,FALSE,FALSE
Bob Cousy,East,NBA,1951,FALSE,TRUE
Joe Fulks,East,NBA,1951,FALSE,TRUE
Harry Gallatin,East,NBA,1951,FALSE,TRUE
Ed Macauley,East,NBA,1951,FALSE,TRUE
Dick McGuire,East,NBA,1951,FALSE,TRUE
Andy Phillip,East,NBA,1951,FALSE,TRUE
Red Rocha,East,NBA,1951,FALSE,FALSE
Dolph Schayes,East,NBA,1951,FALSE,TRUE
Ralph Beard,West,NBA,1951,FALSE,FALSE
Frankie Brian,West,NBA,1951,FALSE,FALSE
Bob Davies,West,NBA,1951,FALSE,TRUE
Dike Eddleman,West,NBA,1951,FALSE,FALSE
Larry Foust,West,NBA,1951,FALSE,FALSE
Alex Groza,West,NBA,1951,FALSE,FALSE
George Mikan,West,NBA,1951,FALSE,TRUE
Vern Mikkelsen,West,NBA,1951,FALSE,TRUE
Jim Pollard,West,NBA,1951,FALSE,TRUE
Fred Schaus,West,NBA,1951,FALSE,FALSE
Marvin Barnes,All Stars,ABA,1976,FALSE,FALSE
Ron Boone,All Stars,ABA,1976,FALSE,FALSE
Don Buse,All Stars,ABA,1976,FALSE,FALSE
Julius Erving,All Stars,ABA,1976,FALSE,TRUE
George Gervin,All Stars,ABA,1976,FALSE,TRUE
Artis Gilmore,All Stars,ABA,1976,FALSE,TRUE
Larry Kenon,All Stars,ABA,1976,FALSE,FALSE
Billy Knight,All Stars,ABA,1976,FALSE,FALSE
Maurice Lucas,All Stars,ABA,1976,FALSE,FALSE
Billy Paultz,All Stars,ABA,1976,FALSE,FALSE
James Silas,All Stars,ABA,1976,FALSE,FALSE
Brian Taylor,All Stars,ABA,1976,FALSE,FALSE
Byron Beck,Denver,ABA,1976,FALSE,FALSE
Roger Brown,Denver,ABA,1976,FALSE,FALSE
Jimmy Foster,Denver,ABA,1976,FALSE,FALSE
Gus Gerard,Denver,ABA,1976,FALSE,FALSE
Dan Issel,Denver,ABA,1976,FALSE,TRUE
Bobby Jones,Denver,ABA,1976,FALSE,TRUE
Ralph Simpson,Denver,ABA,1976,FALSE,FALSE
Claude Terry,Denver,ABA,1976,FALSE,FALSE
David Thompson,Denver,ABA,1976,FALSE,TRUE
Monte Towe,Denver,ABA,1976,FALSE,FALSE
Chuck Williams,Denver,ABA,1976,FALSE,FALSE
Marvin Barnes,East,ABA,1975,FALSE,FALSE
Louie Dampier,East,ABA,1975,FALSE,TRUE
Julius Erving,East,ABA,1975,FALSE,TRUE
Artis Gilmore,East,ABA,1975,FALSE,TRUE
Dan Issel,East,ABA,1975,FALSE,TRUE
Stew Johnson,East,ABA,1975,FALSE,FALSE
Larry Kenon,East,ABA,1975,FALSE,FALSE
Freddie Lewis,East,ABA,1975,FALSE,FALSE
Billy Paultz,East,ABA,1975,FALSE,FALSE
Brian Taylor,East,ABA,1975,FALSE,FALSE
Dave Twardzik,East,ABA,1975,FALSE,FALSE
Ron Boone,West,ABA,1975,FALSE,FALSE
Mack Calvin,West,ABA,1975,FALSE,FALSE
George Gervin,West,ABA,1975,FALSE,TRUE
Mike Green,West,ABA,1975,FALSE,FALSE
Caldwell Jones,West,ABA,1975,FALSE,FALSE
Moses Malone,West,ABA,1975,FALSE,TRUE
George McGinnis,West,ABA,1975,FALSE,TRUE
Swen Nater,West,ABA,1975,FALSE,FALSE
James Silas,West,ABA,1975,FALSE,FALSE
Ralph Simpson,West,ABA,1975,FALSE,FALSE
Mack Calvin,East,ABA,1974,FALSE,FALSE
Louie Dampier,East,ABA,1974,FALSE,TRUE
Jim Eakins,East,ABA,1974,FALSE,FALSE
Julius Erving,East,ABA,1974,FALSE,TRUE
George Gervin,East,ABA,1974,FALSE,TRUE
Artis Gilmore,East,ABA,1974,FALSE,TRUE
Dan Issel,East,ABA,1974,FALSE,TRUE
Larry Kenon,East,ABA,1974,FALSE,FALSE
Ted McClain,East,ABA,1974,FALSE,FALSE
George Thompson,East,ABA,1974,FALSE,FALSE
Ron Boone,West,ABA,1974,FALSE,FALSE
Mel Daniels,West,ABA,1974,FALSE,TRUE
Warren Jabali,West,ABA,1974,FALSE,FALSE
Stew Johnson,West,ABA,1974,FALSE,FALSE
Jimmy Jones,West,ABA,1974,FALSE,FALSE
Rich Jones,West,ABA,1974,FALSE,FALSE
George McGinnis,West,ABA,1974,FALSE,TRUE
Swen Nater,West,ABA,1974,FALSE,FALSE
Ralph Simpson,West,ABA,1974,FALSE,FALSE
Willie Wise,West,ABA,1974,FALSE,FALSE
Joe Caldwell,East,ABA,1973,FALSE,FALSE
Mack Calvin,East,ABA,1973,FALSE,FALSE
Billy Cunningham,East,ABA,1973,FALSE,TRUE
Louie Dampier,East,ABA,1973,FALSE,TRUE
Julius Erving,East,ABA,1973,FALSE,TRUE
Artis Gilmore,East,ABA,1973,FALSE,TRUE
Dan Issel,East,ABA,1973,FALSE,TRUE
Bill Melchionni,East,ABA,1973,FALSE,FALSE
Billy Paultz,East,ABA,1973,FALSE,FALSE
George Thompson,East,ABA,1973,FALSE,FALSE
Zelmo Beaty,West,ABA,1973,FALSE,TRUE
Mel Daniels,West,ABA,1973,FALSE,TRUE
Warren Jabali,West,ABA,1973,FALSE,FALSE
Stew Johnson,West,ABA,1973,FALSE,FALSE
Jimmy Jones,West,ABA,1973,FALSE,FALSE
Rich Jones,West,ABA,1973,FALSE,FALSE
George McGinnis,West,ABA,1973,FALSE,TRUE
Ralph Simpson,West,ABA,1973,FALSE,FALSE
Chuck Williams,West,ABA,1973,FALSE,FALSE
Willie Wise,West,ABA,1973,FALSE,FALSE
Rick Barry,East,ABA,1972,FALSE,TRUE
John Brisker,East,ABA,1972,FALSE,FALSE
Mack Calvin,East,ABA,1972,FALSE,FALSE
Louie Dampier,East,ABA,1972,FALSE,TRUE
Julius Erving,East,ABA,1972,FALSE,TRUE
Artis Gilmore,East,ABA,1972,FALSE,TRUE
Dan Issel,East,ABA,1972,FALSE,TRUE
Warren Jabali,East,ABA,1972,FALSE,FALSE
Jim McDaniels,East,ABA,1972,FALSE,FALSE
Bill Melchionni,East,ABA,1972,FALSE,FALSE
Charlie Scott,East,ABA,1972,FALSE,TRUE
George Thompson,East,ABA,1972,FALSE,FALSE
Zelmo Beaty,West,ABA,1972,FALSE,TRUE
Arthur Becker,West,ABA,1972,FALSE,FALSE
Roger Brown,West,ABA,1972,FALSE,TRUE
Glen Combs,West,ABA,1972,FALSE,FALSE
Mel Daniels,West,ABA,1972,FALSE,TRUE
Donnie Freeman,West,ABA,1972,FALSE,FALSE
Steve Jones,West,ABA,1972,FALSE,FALSE
Wil Jones,West,ABA,1972,FALSE,FALSE
Wendell Ladner,West,ABA,1972,FALSE,FALSE
Freddie Lewis,West,ABA,1972,FALSE,FALSE
Ralph Simpson,West,ABA,1972,FALSE,FALSE
Willie Wise,West,ABA,1972,FALSE,FALSE
Rick Barry,East,ABA,1971,FALSE,TRUE
John Brisker,East,ABA,1971,FALSE,FALSE
Joe Caldwell,East,ABA,1971,FALSE,FALSE
Mack Calvin,East,ABA,1971,FALSE,FALSE
George Carter,East,ABA,1971,FALSE,FALSE
Dan Issel,East,ABA,1971,FALSE,TRUE
Neil Johnson,East,ABA,1971,FALSE,FALSE
Larry Jones,East,ABA,1971,FALSE,FALSE
Mike Lewis,East,ABA,1971,FALSE,FALSE
Bill Melchionni,East,ABA,1971,FALSE,FALSE
Cincinnatus Powell,East,ABA,1971,FALSE,FALSE
Charlie Scott,East,ABA,1971,FALSE,TRUE
Zelmo Beaty,West,ABA,1971,FALSE,TRUE
Ron Boone,West,ABA,1971,FALSE,FALSE
Roger Brown,West,ABA,1971,FALSE,TRUE
Glen Combs,West,ABA,1971,FALSE,FALSE
Mel Daniels,West,ABA,1971,FALSE,TRUE
Donnie Freeman,West,ABA,1971,FALSE,FALSE
Jimmy Jones,West,ABA,1971,FALSE,FALSE
Steve Jones,West,ABA,1971,FALSE,FALSE
Julius Keye,West,ABA,1971,FALSE,FALSE
Wendell Ladner,West,ABA,1971,FALSE,FALSE
Bob Netolicky,West,ABA,1971,FALSE,FALSE
Red Robbins,West,ABA,1971,FALSE,FALSE
Roger Brown,East,ABA,1970,FALSE,TRUE
Darel Carrier,East,ABA,1970,FALSE,FALSE
Louie Dampier,East,ABA,1970,FALSE,TRUE
Mel Daniels,East,ABA,1970,FALSE,TRUE
Donnie Freeman,East,ABA,1970,FALSE,FALSE
Mike Lewis,East,ABA,1970,FALSE,FALSE
Doug Moe,East,ABA,1970,FALSE,FALSE
Gene Moore,East,ABA,1970,FALSE,FALSE
Bob Netolicky,East,ABA,1970,FALSE,FALSE
Levern Tart,East,ABA,1970,FALSE,FALSE
Bob Verga,East,ABA,1970,FALSE,FALSE
Charles Williams,East,ABA,1970,FALSE,FALSE
Rick Barry,West,ABA,1970,FALSE,TRUE
John Beasley,West,ABA,1970,FALSE,FALSE
Larry Brown,West,ABA,1970,FALSE,TRUE
Glen Combs,West,ABA,1970,FALSE,FALSE
Warren Davis,West,ABA,1970,FALSE,FALSE
Gerald Govan,West,ABA,1970,FALSE,FALSE
Spencer Haywood,West,ABA,1970,FALSE,TRUE
Warren Jabali,West,ABA,1970,FALSE,FALSE
Jimmy Jones,West,ABA,1970,FALSE,FALSE
Larry Jones,West,ABA,1970,FALSE,FALSE
Steve Jones,West,ABA,1970,FALSE,FALSE
Cincinnatus Powell,West,ABA,1970,FALSE,FALSE
Red Robbins,West,ABA,1970,TRUE,FALSE
Darel Carrier,East,ABA,1969,FALSE,FALSE
Louie Dampier,East,ABA,1969,FALSE,TRUE
Mel Daniels,East,ABA,1969,FALSE,TRUE
Donnie Freeman,East,ABA,1969,FALSE,FALSE
Les Hunter,East,ABA,1969,FALSE,FALSE
Goose Ligon,East,ABA,1969,FALSE,FALSE
Bob Netolicky,East,ABA,1969,FALSE,FALSE
Walter Simon,East,ABA,1969,FALSE,FALSE
Skip Thoren,East,ABA,1969,FALSE,FALSE
Trooper Washington,East,ABA,1969,FALSE,FALSE
Charles Williams,East,ABA,1969,FALSE,FALSE
Rick Barry,West,ABA,1969,FALSE,TRUE
John Beasley,West,ABA,1969,FALSE,FALSE
Byron Beck,West,ABA,1969,FALSE,FALSE
Larry Brown,West,ABA,1969,FALSE,TRUE
Warren Davis,West,ABA,1969,FALSE,FALSE
Wayne Hightower,West,ABA,1969,FALSE,FALSE
Mervin Jackson,West,ABA,1969,FALSE,FALSE
Jimmy Jones,West,ABA,1969,FALSE,FALSE
Larry Jones,West,ABA,1969,FALSE,FALSE
Doug Moe,West,ABA,1969,FALSE,FALSE
Red Robbins,West,ABA,1969,FALSE,FALSE
Willie Somerset,West,ABA,1969,FALSE,FALSE
Roger Brown,East,ABA,1968,FALSE,TRUE
Darel Carrier,East,ABA,1968,FALSE,FALSE
Louie Dampier,East,ABA,1968,FALSE,TRUE
Mel Daniels,East,ABA,1968,FALSE,TRUE
Donnie Freeman,East,ABA,1968,FALSE,FALSE
Connie Hawkins,East,ABA,1968,FALSE,TRUE
Les Hunter,East,ABA,1968,FALSE,FALSE
Tony Jackson,East,ABA,1968,FALSE,FALSE
Freddie Lewis,East,ABA,1968,FALSE,FALSE
Randolph Mahaffey,East,ABA,1968,FALSE,FALSE
Bob Netolicky,East,ABA,1968,FALSE,FALSE
Chico Vaughn,East,ABA,1968,FALSE,FALSE
John Beasley,West,ABA,1968,FALSE,FALSE
Arthur Becker,West,ABA,1968,FALSE,FALSE
Larry Brown,West,ABA,1968,FALSE,TRUE
Larry Bunce,West,ABA,1968,FALSE,FALSE
Cliff Hagan,West,ABA,1968,FALSE,TRUE
Jimmy Jones,West,ABA,1968,FALSE,FALSE
Larry Jones,West,ABA,1968,FALSE,FALSE
Dewitt Menyard,West,ABA,1968,FALSE,FALSE
Doug Moe,West,ABA,1968,FALSE,FALSE
Red Robbins,West,ABA,1968,FALSE,FALSE
Levern Tart,West,ABA,1968,FALSE,FALSE
Ben Warley,West,ABA,1968,FALSE,FALSE
Bradley Beal,Team Durant,NBA,2021,FALSE,FALSE
Devin Booker,Team Durant,NBA,2021,FALSE,FALSE
Mike Conley,Team Durant,NBA,2021,FALSE,FALSE
Anthony Davis,Team Durant,NBA,2021,FALSE,FALSE
Kevin Durant,Team Durant,NBA,2021,FALSE,FALSE
Joel Embiid,Team Durant,NBA,2021,FALSE,FALSE
James Harden,Team Durant,NBA,2021,FALSE,FALSE
Kyrie Irving,Team Durant,NBA,2021,FALSE,FALSE
Zach LaVine,Team Durant,NBA,2021,FALSE,FALSE
Kawhi Leonard,Team Durant,NBA,2021,FALSE,FALSE
Donovan Mitchell,Team Durant,NBA,2021,FALSE,FALSE
Julius Randle,Team Durant,NBA,2021,FALSE,FALSE
Jayson Tatum,Team Durant,NBA,2021,FALSE,FALSE
Nikola Vučević,Team Durant,NBA,2021,FALSE,FALSE
Zion Williamson,Team Durant,NBA,2021,FALSE,FALSE
Giannis Antetokounmpo,Team LeBron,NBA,2021,FALSE,FALSE
Jaylen Brown,Team LeBron,NBA,2021,FALSE,FALSE
Stephen Curry,Team LeBron,NBA,2021,FALSE,FALSE
Luka Dončić,Team LeBron,NBA,2021,FALSE,FALSE
Paul George,Team LeBron,NBA,2021,FALSE,FALSE
Rudy Gobert,Team LeBron,NBA,2021,FALSE,FALSE
LeBron James,Team LeBron,NBA,2021,FALSE,FALSE
Nikola Jokić,Team LeBron,NBA,2021,FALSE,FALSE
Damian Lillard,Team LeBron,NBA,2021,FALSE,FALSE
Chris Paul,Team LeBron,NBA,2021,FALSE,FALSE
Domantas Sabonis,Team LeBron,NBA,2021,FALSE,FALSE
Ben Simmons,Team LeBron,NBA,2021,FALSE,FALSE
